Year,Month,Median,2.5 Percentile,97.5 Percentile
 1.9500e+03, 1.0000e+00, 8.4503e+01, 7.1608e+01, 9.6866e+01
 1.9500e+03, 2.0000e+00, 3.5908e+01, 2.4077e+01, 4.8232e+01
 1.9500e+03, 3.0000e+00, 1.7570e+01, 4.9693e+00, 3.0046e+01
 1.9500e+03, 4.0000e+00, 5.3793e+00,-6.9103e+00, 1.7989e+01
 1.9500e+03, 5.0000e+00,-1.0907e+01,-2.4244e+01, 2.1961e+00
 1.9500e+03, 6.0000e+00,-1.7291e+00,-1.4921e+01, 1.0897e+01
 1.9500e+03, 7.0000e+00,-1.3109e+01,-2.4785e+01,-1.2850e+00
 1.9500e+03, 8.0000e+00, 1.2639e+00,-1.1382e+01, 1.3177e+01
 1.9500e+03, 9.0000e+00, 1.1851e+01,-7.8184e-01, 2.4180e+01
 1.9500e+03, 1.0000e+01, 3.2740e+01, 2.0194e+01, 4.5243e+01
 1.9500e+03, 1.1000e+01, 8.9731e+01, 7.7340e+01, 1.0235e+02
 1.9500e+03, 1.2000e+01, 8.7365e+01, 7.4971e+01, 9.9879e+01
 1.9510e+03, 1.0000e+00, 5.1133e+01, 3.9363e+01, 6.2756e+01
 1.9510e+03, 2.0000e+00, 1.2294e+01, 4.0790e-01, 2.4339e+01
 1.9510e+03, 3.0000e+00, 1.6541e+01, 4.1305e+00, 2.9157e+01
 1.9510e+03, 4.0000e+00,-1.3015e+01,-2.5688e+01,-9.8959e-01
 1.9510e+03, 5.0000e+00,-1.2283e+01,-2.4972e+01, 3.0976e-01
 1.9510e+03, 6.0000e+00, 5.5700e+00,-7.0504e+00, 1.8256e+01
 1.9510e+03, 7.0000e+00,-8.1686e+00,-2.0127e+01, 3.5681e+00
 1.9510e+03, 8.0000e+00, 2.5009e+00,-9.6003e+00, 1.4334e+01
 1.9510e+03, 9.0000e+00, 3.7917e+01, 2.5520e+01, 5.0136e+01
 1.9510e+03, 1.0000e+01, 5.6626e+01, 4.4621e+01, 6.8592e+01
 1.9510e+03, 1.1000e+01, 9.8953e+01, 8.6214e+01, 1.1127e+02
 1.9510e+03, 1.2000e+01, 7.5542e+01, 6.2586e+01, 8.8030e+01
 1.9520e+03, 1.0000e+00, 5.2886e+01, 4.1040e+01, 6.4772e+01
 1.9520e+03, 2.0000e+00, 3.3526e+01, 2.1888e+01, 4.5061e+01
 1.9520e+03, 3.0000e+00, 2.0217e+01, 7.5710e+00, 3.2460e+01
 1.9520e+03, 4.0000e+00,-6.7342e+00,-1.8439e+01, 5.1601e+00
 1.9520e+03, 5.0000e+00,-3.8010e+00,-1.6049e+01, 9.2621e+00
 1.9520e+03, 6.0000e+00, 7.9100e-01,-1.1682e+01, 1.3269e+01
 1.9520e+03, 7.0000e+00,-1.4401e+01,-2.5842e+01,-3.0366e+00
 1.9520e+03, 8.0000e+00, 7.6503e+00,-3.8842e+00, 1.9464e+01
 1.9520e+03, 9.0000e+00, 3.9052e+01, 2.6888e+01, 5.1314e+01
 1.9520e+03, 1.0000e+01, 1.0715e+02, 9.5605e+01, 1.1850e+02
 1.9520e+03, 1.1000e+01, 7.9662e+01, 6.7738e+01, 9.2270e+01
 1.9520e+03, 1.2000e+01, 7.4244e+01, 6.1613e+01, 8.6492e+01
 1.9530e+03, 1.0000e+00, 6.4034e+01, 5.2226e+01, 7.6121e+01
 1.9530e+03, 2.0000e+00, 4.0934e+01, 2.8973e+01, 5.2488e+01
 1.9530e+03, 3.0000e+00, 1.9456e+01, 6.9409e+00, 3.2029e+01
 1.9530e+03, 4.0000e+00, 9.9504e-01,-1.1218e+01, 1.3050e+01
 1.9530e+03, 5.0000e+00,-1.2051e+01,-2.4646e+01, 5.1346e-01
 1.9530e+03, 6.0000e+00,-1.9679e+00,-1.4455e+01, 1.0480e+01
 1.9530e+03, 7.0000e+00,-1.3817e+00,-1.2622e+01, 1.0537e+01
 1.9530e+03, 8.0000e+00, 7.3033e+00,-4.2080e+00, 1.8961e+01
 1.9530e+03, 9.0000e+00, 6.4178e+01, 5.2090e+01, 7.6737e+01
 1.9530e+03, 1.0000e+01, 5.3140e+01, 4.0956e+01, 6.4786e+01
 1.9530e+03, 1.1000e+01, 8.1943e+01, 6.9682e+01, 9.4267e+01
 1.9530e+03, 1.2000e+01, 9.8969e+01, 8.6832e+01, 1.1092e+02
 1.9540e+03, 1.0000e+00, 8.8148e+01, 7.6331e+01, 9.9953e+01
 1.9540e+03, 2.0000e+00, 3.1991e+01, 1.9724e+01, 4.3746e+01
 1.9540e+03, 3.0000e+00, 5.2356e+01, 4.0087e+01, 6.4676e+01
 1.9540e+03, 4.0000e+00, 3.3070e+00,-8.7106e+00, 1.5539e+01
 1.9540e+03, 5.0000e+00,-4.4312e+00,-1.6861e+01, 7.8580e+00
 1.9540e+03, 6.0000e+00, 5.1152e-01,-1.1844e+01, 1.2905e+01
 1.9540e+03, 7.0000e+00,-6.2480e+00,-1.7731e+01, 4.9613e+00
 1.9540e+03, 8.0000e+00, 2.3267e+01, 1.1490e+01, 3.5275e+01
 1.9540e+03, 9.0000e+00, 4.3470e+01, 3.1213e+01, 5.5281e+01
 1.9540e+03, 1.0000e+01, 6.7525e+01, 5.5232e+01, 7.9780e+01
 1.9540e+03, 1.1000e+01, 6.9003e+01, 5.7047e+01, 8.1846e+01
 1.9540e+03, 1.2000e+01, 9.4359e+01, 8.2485e+01, 1.0641e+02
 1.9550e+03, 1.0000e+00, 8.8343e+01, 7.6933e+01, 1.0006e+02
 1.9550e+03, 2.0000e+00, 5.7355e+01, 4.5617e+01, 6.8977e+01
 1.9550e+03, 3.0000e+00, 4.8531e+01, 3.6804e+01, 6.0670e+01
 1.9550e+03, 4.0000e+00,-1.7898e+01,-3.0067e+01,-6.3197e+00
 1.9550e+03, 5.0000e+00,-4.8423e+00,-1.7480e+01, 7.8704e+00
 1.9550e+03, 6.0000e+00, 6.7542e+00,-5.7891e+00, 1.9207e+01
 1.9550e+03, 7.0000e+00,-3.6298e+00,-1.4821e+01, 7.8070e+00
 1.9550e+03, 8.0000e+00, 1.9908e+01, 7.9074e+00, 3.1519e+01
 1.9550e+03, 9.0000e+00, 6.6109e+01, 5.4339e+01, 7.8442e+01
 1.9550e+03, 1.0000e+01, 5.4807e+01, 4.2570e+01, 6.6791e+01
 1.9550e+03, 1.1000e+01, 1.0191e+02, 8.9628e+01, 1.1405e+02
 1.9550e+03, 1.2000e+01, 1.0975e+02, 9.7356e+01, 1.2188e+02
 1.9560e+03, 1.0000e+00, 6.2423e+01, 5.0960e+01, 7.3977e+01
 1.9560e+03, 2.0000e+00, 5.4608e+01, 4.3258e+01, 6.6129e+01
 1.9560e+03, 3.0000e+00, 3.6663e+01, 2.4849e+01, 4.8889e+01
 1.9560e+03, 4.0000e+00, 1.4723e+01, 2.9150e+00, 2.6997e+01
 1.9560e+03, 5.0000e+00,-8.3915e+00,-2.1176e+01, 4.3350e+00
 1.9560e+03, 6.0000e+00, 6.0959e+00,-6.5009e+00, 1.8990e+01
 1.9560e+03, 7.0000e+00,-1.2089e+01,-2.3831e+01,-7.4444e-01
 1.9560e+03, 8.0000e+00, 1.2031e+01, 4.2348e-01, 2.3806e+01
 1.9560e+03, 9.0000e+00, 4.9937e+01, 3.8142e+01, 6.2184e+01
 1.9560e+03, 1.0000e+01, 4.7385e+01, 3.5349e+01, 5.9316e+01
 1.9560e+03, 1.1000e+01, 9.9798e+01, 8.7454e+01, 1.1213e+02
 1.9560e+03, 1.2000e+01, 8.5836e+01, 7.3959e+01, 9.7969e+01
 1.9570e+03, 1.0000e+00, 7.9953e+01, 6.8248e+01, 9.1265e+01
 1.9570e+03, 2.0000e+00, 2.4146e+01, 1.2537e+01, 3.5953e+01
 1.9570e+03, 3.0000e+00, 9.0099e+00,-2.7810e+00, 2.1087e+01
 1.9570e+03, 4.0000e+00,-6.4343e+00,-1.8231e+01, 5.1854e+00
 1.9570e+03, 5.0000e+00, 3.0769e-01,-1.2490e+01, 1.2939e+01
 1.9570e+03, 6.0000e+00, 2.5455e+00,-9.8882e+00, 1.4755e+01
 1.9570e+03, 7.0000e+00,-5.4386e+00,-1.7002e+01, 5.6158e+00
 1.9570e+03, 8.0000e+00, 1.1826e+01, 2.0410e-01, 2.3938e+01
 1.9570e+03, 9.0000e+00, 5.3107e+01, 4.0811e+01, 6.5257e+01
 1.9570e+03, 1.0000e+01, 6.2848e+01, 5.0892e+01, 7.4606e+01
 1.9570e+03, 1.1000e+01, 9.0628e+01, 7.8796e+01, 1.0293e+02
 1.9570e+03, 1.2000e+01, 8.3025e+01, 7.1050e+01, 9.5058e+01
 1.9580e+03, 1.0000e+00, 5.1544e+01, 4.0108e+01, 6.3042e+01
 1.9580e+03, 2.0000e+00, 4.7174e+01, 3.5380e+01, 5.8491e+01
 1.9580e+03, 3.0000e+00, 1.6811e+01, 5.0134e+00, 2.8685e+01
 1.9580e+03, 4.0000e+00, 7.3319e+00,-4.1788e+00, 1.9443e+01
 1.9580e+03, 5.0000e+00, 2.3993e+00,-9.7496e+00, 1.4685e+01
 1.9580e+03, 6.0000e+00, 4.7809e+00,-7.8299e+00, 1.7617e+01
 1.9580e+03, 7.0000e+00,-7.9861e+00,-1.9750e+01, 3.8443e+00
 1.9580e+03, 8.0000e+00, 2.7534e+01, 1.5651e+01, 3.9499e+01
 1.9580e+03, 9.0000e+00, 3.8915e+01, 2.6742e+01, 5.1216e+01
 1.9580e+03, 1.0000e+01, 5.7703e+01, 4.5642e+01, 6.9847e+01
 1.9580e+03, 1.1000e+01, 1.0052e+02, 8.8540e+01, 1.1275e+02
 1.9580e+03, 1.2000e+01, 1.1214e+02, 9.9552e+01, 1.2403e+02
 1.9590e+03, 1.0000e+00, 7.3343e+01, 6.1918e+01, 8.5360e+01
 1.9590e+03, 2.0000e+00, 2.8392e+01, 1.6728e+01, 3.9866e+01
 1.9590e+03, 3.0000e+00, 1.6048e+01, 4.0103e+00, 2.8273e+01
 1.9590e+03, 4.0000e+00,-2.2035e+00,-1.4110e+01, 9.7757e+00
 1.9590e+03, 5.0000e+00,-1.5035e+01,-2.7923e+01,-2.7585e+00
 1.9590e+03, 6.0000e+00,-1.3340e-01,-1.2449e+01, 1.2093e+01
 1.9590e+03, 7.0000e+00,-5.1201e+00,-1.6714e+01, 6.4977e+00
 1.9590e+03, 8.0000e+00,-2.7607e+00,-1.4416e+01, 8.7735e+00
 1.9590e+03, 9.0000e+00, 3.9906e+01, 2.8070e+01, 5.1938e+01
 1.9590e+03, 1.0000e+01, 8.0333e+01, 6.8371e+01, 9.2304e+01
 1.9590e+03, 1.1000e+01, 1.1497e+02, 1.0212e+02, 1.2713e+02
 1.9590e+03, 1.2000e+01, 7.0479e+01, 5.8389e+01, 8.2342e+01
 1.9600e+03, 1.0000e+00, 6.0652e+01, 4.8468e+01, 7.2217e+01
 1.9600e+03, 2.0000e+00, 4.5984e+01, 3.4505e+01, 5.7442e+01
 1.9600e+03, 3.0000e+00, 3.0864e+01, 1.9186e+01, 4.2702e+01
 1.9600e+03, 4.0000e+00,-6.1733e+00,-1.8093e+01, 6.1047e+00
 1.9600e+03, 5.0000e+00,-7.7412e+00,-1.9969e+01, 5.1961e+00
 1.9600e+03, 6.0000e+00, 6.5247e+00,-5.7460e+00, 1.9379e+01
 1.9600e+03, 7.0000e+00,-9.1891e+00,-2.0717e+01, 2.1217e+00
 1.9600e+03, 8.0000e+00, 1.0144e+01,-1.3656e+00, 2.1997e+01
 1.9600e+03, 9.0000e+00, 5.0363e+01, 3.8178e+01, 6.2843e+01
 1.9600e+03, 1.0000e+01, 6.9964e+01, 5.8139e+01, 8.2089e+01
 1.9600e+03, 1.1000e+01, 7.9087e+01, 6.7097e+01, 9.1133e+01
 1.9600e+03, 1.2000e+01, 1.0716e+02, 9.5275e+01, 1.1946e+02
 1.9610e+03, 1.0000e+00, 6.1291e+01, 4.9798e+01, 7.2973e+01
 1.9610e+03, 2.0000e+00, 1.9861e+01, 7.7891e+00, 3.1461e+01
 1.9610e+03, 3.0000e+00, 1.5583e+01, 3.3171e+00, 2.7832e+01
 1.9610e+03, 4.0000e+00, 1.1559e+00,-1.0833e+01, 1.2980e+01
 1.9610e+03, 5.0000e+00, 2.2412e+00,-1.0232e+01, 1.5328e+01
 1.9610e+03, 6.0000e+00, 9.0914e+00,-3.3154e+00, 2.1764e+01
 1.9610e+03, 7.0000e+00,-2.2281e+00,-1.3784e+01, 9.2900e+00
 1.9610e+03, 8.0000e+00, 2.0904e+01, 9.3404e+00, 3.2412e+01
 1.9610e+03, 9.0000e+00, 6.0680e+01, 4.8678e+01, 7.3316e+01
 1.9610e+03, 1.0000e+01, 6.0812e+01, 4.8386e+01, 7.2675e+01
 1.9610e+03, 1.1000e+01, 8.6575e+01, 7.4636e+01, 9.8755e+01
 1.9610e+03, 1.2000e+01, 9.2952e+01, 8.1058e+01, 1.0536e+02
 1.9620e+03, 1.0000e+00, 9.2902e+01, 8.1154e+01, 1.0484e+02
 1.9620e+03, 2.0000e+00, 2.7132e+01, 1.5617e+01, 3.8858e+01
 1.9620e+03, 3.0000e+00, 1.3592e+01, 1.7678e+00, 2.5645e+01
 1.9620e+03, 4.0000e+00, 5.7214e+00,-6.3081e+00, 1.7568e+01
 1.9620e+03, 5.0000e+00,-1.0131e+01,-2.2316e+01, 2.5763e+00
 1.9620e+03, 6.0000e+00, 7.3386e+00,-5.3492e+00, 1.9811e+01
 1.9620e+03, 7.0000e+00,-4.9897e+00,-1.6615e+01, 6.3770e+00
 1.9620e+03, 8.0000e+00, 1.2433e+01, 1.0438e+00, 2.4324e+01
 1.9620e+03, 9.0000e+00, 5.0896e+01, 3.8980e+01, 6.2826e+01
 1.9620e+03, 1.0000e+01, 6.2428e+01, 5.0862e+01, 7.4041e+01
 1.9620e+03, 1.1000e+01, 7.5413e+01, 6.3620e+01, 8.7812e+01
 1.9620e+03, 1.2000e+01, 1.0519e+02, 9.2723e+01, 1.1709e+02
 1.9630e+03, 1.0000e+00, 6.5084e+01, 5.3365e+01, 7.6911e+01
 1.9630e+03, 2.0000e+00, 3.1647e+01, 2.0023e+01, 4.3121e+01
 1.9630e+03, 3.0000e+00, 8.2786e+00,-3.7556e+00, 1.9921e+01
 1.9630e+03, 4.0000e+00,-4.6027e+00,-1.6298e+01, 7.0460e+00
 1.9630e+03, 5.0000e+00,-5.8122e+00,-1.7966e+01, 6.5236e+00
 1.9630e+03, 6.0000e+00,-2.1426e+00,-1.4840e+01, 1.0343e+01
 1.9630e+03, 7.0000e+00,-6.9188e+00,-1.8534e+01, 4.5887e+00
 1.9630e+03, 8.0000e+00, 1.2071e+01, 6.7773e-02, 2.3363e+01
 1.9630e+03, 9.0000e+00, 3.6200e+01, 2.4156e+01, 4.8738e+01
 1.9630e+03, 1.0000e+01, 3.0108e+01, 1.8332e+01, 4.2006e+01
 1.9630e+03, 1.1000e+01, 7.8817e+01, 6.7490e+01, 9.1296e+01
 1.9630e+03, 1.2000e+01, 1.2410e+02, 1.1240e+02, 1.3652e+02
 1.9640e+03, 1.0000e+00, 6.7645e+01, 5.6465e+01, 7.9015e+01
 1.9640e+03, 2.0000e+00, 5.5549e+01, 4.3751e+01, 6.7102e+01
 1.9640e+03, 3.0000e+00, 5.3471e+01, 4.1033e+01, 6.5797e+01
 1.9640e+03, 4.0000e+00,-6.7426e+00,-1.8708e+01, 5.4045e+00
 1.9640e+03, 5.0000e+00,-1.3596e+01,-2.6262e+01,-1.0502e+00
 1.9640e+03, 6.0000e+00, 4.7026e+00,-7.9626e+00, 1.7207e+01
 1.9640e+03, 7.0000e+00,-4.2614e+00,-1.5809e+01, 7.6668e+00
 1.9640e+03, 8.0000e+00, 3.0429e+01, 1.8278e+01, 4.2243e+01
 1.9640e+03, 9.0000e+00, 4.9184e+01, 3.6497e+01, 6.1170e+01
 1.9640e+03, 1.0000e+01, 6.7848e+01, 5.5541e+01, 7.9651e+01
 1.9640e+03, 1.1000e+01, 7.7492e+01, 6.5089e+01, 8.9541e+01
 1.9640e+03, 1.2000e+01, 1.0212e+02, 9.0033e+01, 1.1461e+02
 1.9650e+03, 1.0000e+00, 9.8567e+01, 8.6465e+01, 1.1033e+02
 1.9650e+03, 2.0000e+00, 4.8629e+01, 3.7447e+01, 6.0288e+01
 1.9650e+03, 3.0000e+00, 2.3617e+01, 1.1813e+01, 3.6077e+01
 1.9650e+03, 4.0000e+00,-8.7257e+00,-2.0629e+01, 3.0096e+00
 1.9650e+03, 5.0000e+00,-1.3957e+01,-2.6224e+01,-1.0723e+00
 1.9650e+03, 6.0000e+00, 2.0623e+00,-1.0444e+01, 1.5021e+01
 1.9650e+03, 7.0000e+00,-8.7366e+00,-2.0098e+01, 2.3060e+00
 1.9650e+03, 8.0000e+00, 1.6344e+01, 5.0426e+00, 2.8017e+01
 1.9650e+03, 9.0000e+00, 5.1412e+01, 3.9062e+01, 6.3953e+01
 1.9650e+03, 1.0000e+01, 5.4070e+01, 4.2065e+01, 6.6613e+01
 1.9650e+03, 1.1000e+01, 8.8537e+01, 7.6136e+01, 1.0082e+02
 1.9650e+03, 1.2000e+01, 7.5215e+01, 6.2853e+01, 8.7915e+01
 1.9660e+03, 1.0000e+00, 1.0101e+02, 8.9269e+01, 1.1319e+02
 1.9660e+03, 2.0000e+00, 3.4814e+01, 2.2807e+01, 4.6194e+01
 1.9660e+03, 3.0000e+00, 2.6561e+01, 1.3958e+01, 3.8586e+01
 1.9660e+03, 4.0000e+00, 1.7972e+00,-9.7823e+00, 1.3751e+01
 1.9660e+03, 5.0000e+00,-2.4651e+00,-1.5352e+01, 1.0112e+01
 1.9660e+03, 6.0000e+00, 4.6940e+00,-7.6424e+00, 1.7362e+01
 1.9660e+03, 7.0000e+00,-8.2244e+00,-1.9487e+01, 3.0672e+00
 1.9660e+03, 8.0000e+00, 1.9563e+01, 8.1779e+00, 3.1069e+01
 1.9660e+03, 9.0000e+00, 6.3654e+01, 5.1409e+01, 7.5290e+01
 1.9660e+03, 1.0000e+01, 7.6723e+01, 6.4685e+01, 8.9128e+01
 1.9660e+03, 1.1000e+01, 9.8996e+01, 8.6483e+01, 1.1118e+02
 1.9660e+03, 1.2000e+01, 1.0008e+02, 8.7775e+01, 1.1275e+02
 1.9670e+03, 1.0000e+00, 7.2123e+01, 6.0207e+01, 8.3974e+01
 1.9670e+03, 2.0000e+00, 5.3376e+01, 4.1844e+01, 6.4669e+01
 1.9670e+03, 3.0000e+00, 2.3115e+01, 1.0943e+01, 3.5343e+01
 1.9670e+03, 4.0000e+00,-1.0403e+01,-2.1904e+01, 1.3935e+00
 1.9670e+03, 5.0000e+00, 8.9094e-01,-1.1509e+01, 1.3352e+01
 1.9670e+03, 6.0000e+00, 1.4741e-01,-1.2400e+01, 1.2950e+01
 1.9670e+03, 7.0000e+00,-5.2062e+00,-1.6853e+01, 6.4767e+00
 1.9670e+03, 8.0000e+00, 2.0821e+01, 8.7884e+00, 3.2208e+01
 1.9670e+03, 9.0000e+00, 5.1575e+01, 3.9181e+01, 6.3472e+01
 1.9670e+03, 1.0000e+01, 6.5058e+01, 5.3033e+01, 7.6722e+01
 1.9670e+03, 1.1000e+01, 8.6018e+01, 7.4014e+01, 9.8212e+01
 1.9670e+03, 1.2000e+01, 9.1667e+01, 7.9532e+01, 1.0332e+02
 1.9680e+03, 1.0000e+00, 7.5856e+01, 6.4232e+01, 8.7536e+01
 1.9680e+03, 2.0000e+00, 6.4446e+01, 5.2352e+01, 7.6006e+01
 1.9680e+03, 3.0000e+00, 1.9382e+01, 7.1500e+00, 3.1921e+01
 1.9680e+03, 4.0000e+00,-1.0831e+01,-2.3215e+01, 1.0658e+00
 1.9680e+03, 5.0000e+00,-1.0575e+01,-2.2853e+01, 1.4016e+00
 1.9680e+03, 6.0000e+00,-4.4826e+00,-1.6909e+01, 7.8755e+00
 1.9680e+03, 7.0000e+00,-1.4111e+01,-2.5626e+01,-2.4717e+00
 1.9680e+03, 8.0000e+00, 7.1036e+00,-4.7551e+00, 1.8797e+01
 1.9680e+03, 9.0000e+00, 1.4710e+01, 2.8227e+00, 2.6640e+01
 1.9680e+03, 1.0000e+01, 5.9064e+01, 4.7380e+01, 7.1136e+01
 1.9680e+03, 1.1000e+01, 9.5624e+01, 8.3378e+01, 1.0773e+02
 1.9680e+03, 1.2000e+01, 1.0381e+02, 9.1546e+01, 1.1619e+02
 1.9690e+03, 1.0000e+00, 7.5221e+01, 6.3401e+01, 8.6738e+01
 1.9690e+03, 2.0000e+00, 4.8575e+01, 3.6565e+01, 6.0780e+01
 1.9690e+03, 3.0000e+00, 4.5554e+01, 3.3243e+01, 5.7503e+01
 1.9690e+03, 4.0000e+00,-3.5925e+00,-1.5368e+01, 8.6063e+00
 1.9690e+03, 5.0000e+00,-6.6936e+00,-1.8916e+01, 5.9370e+00
 1.9690e+03, 6.0000e+00, 7.7695e+00,-4.9443e+00, 2.0004e+01
 1.9690e+03, 7.0000e+00,-5.7461e+00,-1.7738e+01, 5.9472e+00
 1.9690e+03, 8.0000e+00, 1.5845e+01, 4.4631e+00, 2.7963e+01
 1.9690e+03, 9.0000e+00, 6.2961e+01, 5.1041e+01, 7.5308e+01
 1.9690e+03, 1.0000e+01, 7.7816e+01, 6.5854e+01, 8.9783e+01
 1.9690e+03, 1.1000e+01, 7.9575e+01, 6.7340e+01, 9.1502e+01
 1.9690e+03, 1.2000e+01, 1.0038e+02, 8.8214e+01, 1.1247e+02
 1.9700e+03, 1.0000e+00, 8.3574e+01, 7.1387e+01, 9.5293e+01
 1.9700e+03, 2.0000e+00, 6.1104e+01, 4.9352e+01, 7.2724e+01
 1.9700e+03, 3.0000e+00, 3.9052e+01, 2.6881e+01, 5.0860e+01
 1.9700e+03, 4.0000e+00,-6.6784e+00,-1.8961e+01, 5.0382e+00
 1.9700e+03, 5.0000e+00,-1.2347e+01,-2.4823e+01, 1.7857e-01
 1.9700e+03, 6.0000e+00,-1.6211e+00,-1.4074e+01, 1.0790e+01
 1.9700e+03, 7.0000e+00,-1.0091e+01,-2.1626e+01, 1.6143e+00
 1.9700e+03, 8.0000e+00, 2.9996e+01, 1.8673e+01, 4.2002e+01
 1.9700e+03, 9.0000e+00, 5.3765e+01, 4.1393e+01, 6.6073e+01
 1.9700e+03, 1.0000e+01, 4.8184e+01, 3.6505e+01, 6.0407e+01
 1.9700e+03, 1.1000e+01, 7.7379e+01, 6.4880e+01, 8.9623e+01
 1.9700e+03, 1.2000e+01, 9.1540e+01, 7.9448e+01, 1.0369e+02
 1.9710e+03, 1.0000e+00, 1.0799e+02, 9.6475e+01, 1.2008e+02
 1.9710e+03, 2.0000e+00, 4.2981e+01, 3.0575e+01, 5.4877e+01
 1.9710e+03, 3.0000e+00, 3.7357e+01, 2.4958e+01, 4.9738e+01
 1.9710e+03, 4.0000e+00,-1.8101e+00,-1.3498e+01, 9.8750e+00
 1.9710e+03, 5.0000e+00,-9.3348e+00,-2.1893e+01, 3.1927e+00
 1.9710e+03, 6.0000e+00,-9.5705e-04,-1.2191e+01, 1.2470e+01
 1.9710e+03, 7.0000e+00, 4.6918e+00,-6.4109e+00, 1.6073e+01
 1.9710e+03, 8.0000e+00, 2.7192e+01, 1.5256e+01, 3.8891e+01
 1.9710e+03, 9.0000e+00, 4.0207e+01, 2.8184e+01, 5.2069e+01
 1.9710e+03, 1.0000e+01, 4.7200e+01, 3.5143e+01, 5.8993e+01
 1.9710e+03, 1.1000e+01, 9.4582e+01, 8.2043e+01, 1.0683e+02
 1.9710e+03, 1.2000e+01, 9.9492e+01, 8.7436e+01, 1.1180e+02
 1.9720e+03, 1.0000e+00, 1.0527e+02, 9.3625e+01, 1.1750e+02
 1.9720e+03, 2.0000e+00, 6.2097e+01, 5.0783e+01, 7.4206e+01
 1.9720e+03, 3.0000e+00, 3.6562e+01, 2.4244e+01, 4.8725e+01
 1.9720e+03, 4.0000e+00,-3.1804e+00,-1.5146e+01, 8.7245e+00
 1.9720e+03, 5.0000e+00,-1.3278e+01,-2.5774e+01,-1.0495e+00
 1.9720e+03, 6.0000e+00, 6.8683e+00,-5.4742e+00, 1.9626e+01
 1.9720e+03, 7.0000e+00,-6.2196e+00,-1.7730e+01, 5.1839e+00
 1.9720e+03, 8.0000e+00, 9.6479e+00,-2.1873e+00, 2.1038e+01
 1.9720e+03, 9.0000e+00, 5.0262e+01, 3.7357e+01, 6.2539e+01
 1.9720e+03, 1.0000e+01, 8.0379e+01, 6.7963e+01, 9.1829e+01
 1.9720e+03, 1.1000e+01, 6.1772e+01, 4.9321e+01, 7.3972e+01
 1.9720e+03, 1.2000e+01, 1.0363e+02, 9.1858e+01, 1.1576e+02
 1.9730e+03, 1.0000e+00, 7.4144e+01, 6.2701e+01, 8.6363e+01
 1.9730e+03, 2.0000e+00, 5.5617e+01, 4.3951e+01, 6.7340e+01
 1.9730e+03, 3.0000e+00, 6.3376e+00,-5.5869e+00, 1.8390e+01
 1.9730e+03, 4.0000e+00, 7.8024e+00,-4.0189e+00, 1.9874e+01
 1.9730e+03, 5.0000e+00,-9.2714e+00,-2.1503e+01, 3.7446e+00
 1.9730e+03, 6.0000e+00, 2.6995e+00,-9.5412e+00, 1.4974e+01
 1.9730e+03, 7.0000e+00,-4.3623e+00,-1.6276e+01, 7.2566e+00
 1.9730e+03, 8.0000e+00, 1.0565e+01,-1.2263e+00, 2.1912e+01
 1.9730e+03, 9.0000e+00, 6.1823e+01, 4.9490e+01, 7.3677e+01
 1.9730e+03, 1.0000e+01, 4.8597e+01, 3.6851e+01, 6.0485e+01
 1.9730e+03, 1.1000e+01, 9.7616e+01, 8.5134e+01, 1.1038e+02
 1.9730e+03, 1.2000e+01, 9.7527e+01, 8.5584e+01, 1.0985e+02
 1.9740e+03, 1.0000e+00, 7.8838e+01, 6.7397e+01, 9.0876e+01
 1.9740e+03, 2.0000e+00, 5.7939e+01, 4.6077e+01, 6.9418e+01
 1.9740e+03, 3.0000e+00, 4.7608e+01, 3.5401e+01, 6.0121e+01
 1.9740e+03, 4.0000e+00,-9.1344e+00,-2.1217e+01, 3.0418e+00
 1.9740e+03, 5.0000e+00,-3.4347e+00,-1.5603e+01, 9.2409e+00
 1.9740e+03, 6.0000e+00,-4.0808e+00,-1.6486e+01, 8.1091e+00
 1.9740e+03, 7.0000e+00,-1.2902e+01,-2.4653e+01,-1.5286e+00
 1.9740e+03, 8.0000e+00, 1.1807e+01, 2.2205e-01, 2.3240e+01
 1.9740e+03, 9.0000e+00, 5.7847e+01, 4.5760e+01, 7.0148e+01
 1.9740e+03, 1.0000e+01, 5.3752e+01, 4.1445e+01, 6.6273e+01
 1.9740e+03, 1.1000e+01, 7.2686e+01, 5.9843e+01, 8.5006e+01
 1.9740e+03, 1.2000e+01, 7.6241e+01, 6.4091e+01, 8.8181e+01
 1.9750e+03, 1.0000e+00, 8.8393e+01, 7.6524e+01, 1.0003e+02
 1.9750e+03, 2.0000e+00, 5.2631e+01, 4.0587e+01, 6.4203e+01
 1.9750e+03, 3.0000e+00, 5.9348e+01, 4.7285e+01, 7.1541e+01
 1.9750e+03, 4.0000e+00, 1.3815e+01, 1.8392e+00, 2.5885e+01
 1.9750e+03, 5.0000e+00,-1.2291e+01,-2.4893e+01, 3.6977e-01
 1.9750e+03, 6.0000e+00, 6.1582e+00,-6.7546e+00, 1.8463e+01
 1.9750e+03, 7.0000e+00,-3.4779e+00,-1.4826e+01, 7.8303e+00
 1.9750e+03, 8.0000e+00, 2.7106e+01, 1.5544e+01, 3.8500e+01
 1.9750e+03, 9.0000e+00, 5.4437e+01, 4.2505e+01, 6.6471e+01
 1.9750e+03, 1.0000e+01, 6.1483e+01, 4.9480e+01, 7.3383e+01
 1.9750e+03, 1.1000e+01, 6.4547e+01, 5.2460e+01, 7.7063e+01
 1.9750e+03, 1.2000e+01, 9.7188e+01, 8.5223e+01, 1.0935e+02
 1.9760e+03, 1.0000e+00, 9.7224e+01, 8.5501e+01, 1.0869e+02
 1.9760e+03, 2.0000e+00, 5.1049e+01, 3.9220e+01, 6.2705e+01
 1.9760e+03, 3.0000e+00, 4.8047e+01, 3.5984e+01, 5.9795e+01
 1.9760e+03, 4.0000e+00,-3.5796e+00,-1.5512e+01, 8.2516e+00
 1.9760e+03, 5.0000e+00, 1.2183e+00,-1.1136e+01, 1.3922e+01
 1.9760e+03, 6.0000e+00, 3.5688e+00,-8.2603e+00, 1.5909e+01
 1.9760e+03, 7.0000e+00, 3.1382e-01,-1.0933e+01, 1.2079e+01
 1.9760e+03, 8.0000e+00, 3.3375e+01, 2.1895e+01, 4.5005e+01
 1.9760e+03, 9.0000e+00, 8.1935e+01, 6.9995e+01, 9.3851e+01
 1.9760e+03, 1.0000e+01, 7.8103e+01, 6.6461e+01, 8.9812e+01
 1.9760e+03, 1.1000e+01, 1.1357e+02, 1.0178e+02, 1.2584e+02
 1.9760e+03, 1.2000e+01, 1.2040e+02, 1.0836e+02, 1.3232e+02
 1.9770e+03, 1.0000e+00, 7.8499e+01, 6.6921e+01, 9.0256e+01
 1.9770e+03, 2.0000e+00, 3.7561e+01, 2.5801e+01, 4.8960e+01
 1.9770e+03, 3.0000e+00, 1.3263e+01, 1.3544e+00, 2.6058e+01
 1.9770e+03, 4.0000e+00, 2.3532e+00,-9.6424e+00, 1.4430e+01
 1.9770e+03, 5.0000e+00,-7.0418e+00,-1.9296e+01, 4.9366e+00
 1.9770e+03, 6.0000e+00, 7.6169e+00,-4.5819e+00, 1.9662e+01
 1.9770e+03, 7.0000e+00,-1.1283e+01,-2.2759e+01, 3.8166e-01
 1.9770e+03, 8.0000e+00, 2.0713e+01, 8.7908e+00, 3.2448e+01
 1.9770e+03, 9.0000e+00, 1.9980e+01, 7.8976e+00, 3.2564e+01
 1.9770e+03, 1.0000e+01, 6.8024e+01, 5.5992e+01, 8.0495e+01
 1.9770e+03, 1.1000e+01, 8.2133e+01, 6.9802e+01, 9.4366e+01
 1.9770e+03, 1.2000e+01, 1.0947e+02, 9.6879e+01, 1.2218e+02
 1.9780e+03, 1.0000e+00, 1.0445e+02, 9.2667e+01, 1.1581e+02
 1.9780e+03, 2.0000e+00, 4.9300e+01, 3.7917e+01, 6.1192e+01
 1.9780e+03, 3.0000e+00, 2.9962e+01, 1.8032e+01, 4.1779e+01
 1.9780e+03, 4.0000e+00, 1.0272e+01,-1.0781e+00, 2.2120e+01
 1.9780e+03, 5.0000e+00,-8.6755e+00,-2.1525e+01, 3.7657e+00
 1.9780e+03, 6.0000e+00, 3.4235e+00,-8.8500e+00, 1.5934e+01
 1.9780e+03, 7.0000e+00,-5.4080e+00,-1.6817e+01, 6.3627e+00
 1.9780e+03, 8.0000e+00,-1.5747e+00,-1.3047e+01, 1.0152e+01
 1.9780e+03, 9.0000e+00, 3.4498e+01, 2.2282e+01, 4.7444e+01
 1.9780e+03, 1.0000e+01, 7.4977e+01, 6.3344e+01, 8.7395e+01
 1.9780e+03, 1.1000e+01, 1.0766e+02, 9.5337e+01, 1.1985e+02
 1.9780e+03, 1.2000e+01, 1.0259e+02, 9.0528e+01, 1.1439e+02
 1.9790e+03, 1.0000e+00, 8.8441e+01, 7.6728e+01, 1.0019e+02
 1.9790e+03, 2.0000e+00, 2.9022e+01, 1.7038e+01, 4.0367e+01
 1.9790e+03, 3.0000e+00, 1.0791e+01,-1.2475e+00, 2.2688e+01
 1.9790e+03, 4.0000e+00,-1.1104e+01,-2.3503e+01, 9.1316e-01
 1.9790e+03, 5.0000e+00,-1.3460e+01,-2.6191e+01,-7.4164e-01
 1.9790e+03, 6.0000e+00,-1.6118e+00,-1.4018e+01, 1.1259e+01
 1.9790e+03, 7.0000e+00,-7.3672e+00,-1.9273e+01, 4.4338e+00
 1.9790e+03, 8.0000e+00, 1.4368e+01, 2.5665e+00, 2.6071e+01
 1.9790e+03, 9.0000e+00, 2.7279e+01, 1.5012e+01, 3.9518e+01
 1.9790e+03, 1.0000e+01, 6.9551e+01, 5.7240e+01, 8.1252e+01
 1.9790e+03, 1.1000e+01, 7.6247e+01, 6.4096e+01, 8.8470e+01
 1.9790e+03, 1.2000e+01, 9.2151e+01, 7.9892e+01, 1.0420e+02
 1.9800e+03, 1.0000e+00, 8.6680e+01, 7.5066e+01, 9.8532e+01
 1.9800e+03, 2.0000e+00, 5.0544e+01, 3.9007e+01, 6.2013e+01
 1.9800e+03, 3.0000e+00, 3.4959e+01, 2.3440e+01, 4.7350e+01
 1.9800e+03, 4.0000e+00,-6.8734e+00,-1.8557e+01, 5.0678e+00
 1.9800e+03, 5.0000e+00,-9.7888e+00,-2.2094e+01, 2.8498e+00
 1.9800e+03, 6.0000e+00, 9.2130e+00,-3.1603e+00, 2.1458e+01
 1.9800e+03, 7.0000e+00,-8.0216e+00,-1.9446e+01, 3.4214e+00
 1.9800e+03, 8.0000e+00,-5.2325e-01,-1.2413e+01, 1.1143e+01
 1.9800e+03, 9.0000e+00, 4.9402e+01, 3.7326e+01, 6.1729e+01
 1.9800e+03, 1.0000e+01, 8.5565e+01, 7.3355e+01, 9.7783e+01
 1.9800e+03, 1.1000e+01, 8.3272e+01, 7.1203e+01, 9.5576e+01
 1.9800e+03, 1.2000e+01, 1.2580e+02, 1.1357e+02, 1.3824e+02
 1.9810e+03, 1.0000e+00, 6.5441e+01, 5.3548e+01, 7.7404e+01
 1.9810e+03, 2.0000e+00, 2.5686e+01, 1.3895e+01, 3.7372e+01
 1.9810e+03, 3.0000e+00, 1.9235e+01, 6.9692e+00, 3.1506e+01
 1.9810e+03, 4.0000e+00,-6.0790e+00,-1.8244e+01, 5.9327e+00
 1.9810e+03, 5.0000e+00,-6.4813e+00,-1.9241e+01, 6.0219e+00
 1.9810e+03, 6.0000e+00,-3.6555e+00,-1.6102e+01, 9.0328e+00
 1.9810e+03, 7.0000e+00,-1.7362e+00,-1.2923e+01, 9.7352e+00
 1.9810e+03, 8.0000e+00, 8.0577e+00,-3.0285e+00, 1.9583e+01
 1.9810e+03, 9.0000e+00, 5.9266e+01, 4.7302e+01, 7.1428e+01
 1.9810e+03, 1.0000e+01, 7.4294e+01, 6.2547e+01, 8.6719e+01
 1.9810e+03, 1.1000e+01, 7.3724e+01, 6.2176e+01, 8.5518e+01
 1.9810e+03, 1.2000e+01, 9.6065e+01, 8.4588e+01, 1.0783e+02
 1.9820e+03, 1.0000e+00, 1.1018e+02, 9.7617e+01, 1.2170e+02
 1.9820e+03, 2.0000e+00, 4.6352e+01, 3.4356e+01, 5.7918e+01
 1.9820e+03, 3.0000e+00, 2.5216e+01, 1.3327e+01, 3.7616e+01
 1.9820e+03, 4.0000e+00, 2.2770e+00,-9.5318e+00, 1.4069e+01
 1.9820e+03, 5.0000e+00,-1.9321e+01,-3.1927e+01,-6.9092e+00
 1.9820e+03, 6.0000e+00, 6.0365e+00,-6.4205e+00, 1.8691e+01
 1.9820e+03, 7.0000e+00,-1.6179e+01,-2.8464e+01,-4.6924e+00
 1.9820e+03, 8.0000e+00, 6.3515e+00,-5.2197e+00, 1.8323e+01
 1.9820e+03, 9.0000e+00, 2.3869e+01, 1.1478e+01, 3.6129e+01
 1.9820e+03, 1.0000e+01, 4.1356e+01, 2.8616e+01, 5.3646e+01
 1.9820e+03, 1.1000e+01, 8.1549e+01, 6.9131e+01, 9.3632e+01
 1.9820e+03, 1.2000e+01, 7.1161e+01, 5.8984e+01, 8.3100e+01
 1.9830e+03, 1.0000e+00, 6.6096e+01, 5.4343e+01, 7.8311e+01
 1.9830e+03, 2.0000e+00, 4.0350e+01, 2.9068e+01, 5.2250e+01
 1.9830e+03, 3.0000e+00, 4.2271e+01, 3.0389e+01, 5.4829e+01
 1.9830e+03, 4.0000e+00, 2.8918e+00,-8.6487e+00, 1.4833e+01
 1.9830e+03, 5.0000e+00,-3.3545e+00,-1.5732e+01, 9.1670e+00
 1.9830e+03, 6.0000e+00, 3.5661e+00,-8.4774e+00, 1.6166e+01
 1.9830e+03, 7.0000e+00,-7.9375e+00,-1.9405e+01, 3.6375e+00
 1.9830e+03, 8.0000e+00, 1.2742e+01, 1.3847e+00, 2.4247e+01
 1.9830e+03, 9.0000e+00, 6.3820e+01, 5.1885e+01, 7.5684e+01
 1.9830e+03, 1.0000e+01, 6.7105e+01, 5.4932e+01, 7.8771e+01
 1.9830e+03, 1.1000e+01, 9.5725e+01, 8.3830e+01, 1.0789e+02
 1.9830e+03, 1.2000e+01, 1.3630e+02, 1.2388e+02, 1.4836e+02
 1.9840e+03, 1.0000e+00, 7.1190e+01, 5.9800e+01, 8.2460e+01
 1.9840e+03, 2.0000e+00, 2.4321e+01, 1.2368e+01, 3.5810e+01
 1.9840e+03, 3.0000e+00, 4.2602e+01, 3.0491e+01, 5.4647e+01
 1.9840e+03, 4.0000e+00,-9.7516e+00,-2.1653e+01, 2.0422e+00
 1.9840e+03, 5.0000e+00,-6.4072e+00,-1.9282e+01, 6.2945e+00
 1.9840e+03, 6.0000e+00,-8.5243e+00,-2.1061e+01, 3.4750e+00
 1.9840e+03, 7.0000e+00,-8.5051e+00,-2.0040e+01, 2.8531e+00
 1.9840e+03, 8.0000e+00, 4.5275e-01,-1.1032e+01, 1.2269e+01
 1.9840e+03, 9.0000e+00, 4.6045e+01, 3.3995e+01, 5.8101e+01
 1.9840e+03, 1.0000e+01, 4.9513e+01, 3.7478e+01, 6.2017e+01
 1.9840e+03, 1.1000e+01, 9.4184e+01, 8.1550e+01, 1.0611e+02
 1.9840e+03, 1.2000e+01, 9.1769e+01, 7.9571e+01, 1.0420e+02
 1.9850e+03, 1.0000e+00, 7.3328e+01, 6.1513e+01, 8.4950e+01
 1.9850e+03, 2.0000e+00, 3.9083e+01, 2.7313e+01, 5.0882e+01
 1.9850e+03, 3.0000e+00, 2.0942e+01, 8.8285e+00, 3.3001e+01
 1.9850e+03, 4.0000e+00,-4.6676e+00,-1.6799e+01, 6.9266e+00
 1.9850e+03, 5.0000e+00,-1.7779e+01,-2.9863e+01,-5.2460e+00
 1.9850e+03, 6.0000e+00, 6.9088e+00,-5.6597e+00, 1.9695e+01
 1.9850e+03, 7.0000e+00,-9.9226e+00,-2.1236e+01, 1.8716e+00
 1.9850e+03, 8.0000e+00, 7.6490e+00,-4.0791e+00, 1.9644e+01
 1.9850e+03, 9.0000e+00, 3.9687e+01, 2.7193e+01, 5.1827e+01
 1.9850e+03, 1.0000e+01, 5.0226e+01, 3.8148e+01, 6.2100e+01
 1.9850e+03, 1.1000e+01, 9.7704e+01, 8.5153e+01, 1.0981e+02
 1.9850e+03, 1.2000e+01, 1.2537e+02, 1.1304e+02, 1.3747e+02
 1.9860e+03, 1.0000e+00, 6.8766e+01, 5.7184e+01, 8.0386e+01
 1.9860e+03, 2.0000e+00, 3.4611e+01, 2.2753e+01, 4.7071e+01
 1.9860e+03, 3.0000e+00, 1.7179e+01, 4.6538e+00, 2.9033e+01
 1.9860e+03, 4.0000e+00,-1.1733e+01,-2.3714e+01, 4.1703e-01
 1.9860e+03, 5.0000e+00,-2.4733e+00,-1.4872e+01, 9.6862e+00
 1.9860e+03, 6.0000e+00, 1.2058e+00,-1.0800e+01, 1.3652e+01
 1.9860e+03, 7.0000e+00,-1.2988e+01,-2.5114e+01,-1.8035e+00
 1.9860e+03, 8.0000e+00, 1.1062e+01,-4.4126e-01, 2.2546e+01
 1.9860e+03, 9.0000e+00, 2.4992e+01, 1.3095e+01, 3.7274e+01
 1.9860e+03, 1.0000e+01, 6.1798e+01, 4.9766e+01, 7.3351e+01
 1.9860e+03, 1.1000e+01, 1.1411e+02, 1.0191e+02, 1.2668e+02
 1.9860e+03, 1.2000e+01, 8.8338e+01, 7.6430e+01, 1.0046e+02
 1.9870e+03, 1.0000e+00, 7.6045e+01, 6.4286e+01, 8.7679e+01
 1.9870e+03, 2.0000e+00, 4.1912e+01, 3.0507e+01, 5.3709e+01
 1.9870e+03, 3.0000e+00, 4.0780e+01, 2.8765e+01, 5.2862e+01
 1.9870e+03, 4.0000e+00, 3.4069e+00,-7.8311e+00, 1.5203e+01
 1.9870e+03, 5.0000e+00,-9.9339e+00,-2.2189e+01, 2.5373e+00
 1.9870e+03, 6.0000e+00, 3.7447e+00,-8.7163e+00, 1.6173e+01
 1.9870e+03, 7.0000e+00,-6.7692e+00,-1.8407e+01, 4.5236e+00
 1.9870e+03, 8.0000e+00, 3.7352e+01, 2.5757e+01, 4.9138e+01
 1.9870e+03, 9.0000e+00, 4.8645e+01, 3.6787e+01, 6.0780e+01
 1.9870e+03, 1.0000e+01, 1.0993e+02, 9.8027e+01, 1.2193e+02
 1.9870e+03, 1.1000e+01, 9.1578e+01, 7.9375e+01, 1.0385e+02
 1.9870e+03, 1.2000e+01, 8.8664e+01, 7.6834e+01, 1.0082e+02
 1.9880e+03, 1.0000e+00, 1.1456e+02, 1.0295e+02, 1.2592e+02
 1.9880e+03, 2.0000e+00, 7.7432e+01, 6.6023e+01, 8.8862e+01
 1.9880e+03, 3.0000e+00, 3.8475e+01, 2.6482e+01, 5.0548e+01
 1.9880e+03, 4.0000e+00, 4.1574e-01,-1.1653e+01, 1.2240e+01
 1.9880e+03, 5.0000e+00,-6.0427e+00,-1.8740e+01, 6.5850e+00
 1.9880e+03, 6.0000e+00, 6.2308e+00,-6.1870e+00, 1.8070e+01
 1.9880e+03, 7.0000e+00,-3.4518e+00,-1.4864e+01, 8.1645e+00
 1.9880e+03, 8.0000e+00, 8.5784e+00,-3.0925e+00, 2.0633e+01
 1.9880e+03, 9.0000e+00, 3.7969e+01, 2.5711e+01, 5.0767e+01
 1.9880e+03, 1.0000e+01, 9.2800e+01, 8.0817e+01, 1.0469e+02
 1.9880e+03, 1.1000e+01, 6.4005e+01, 5.1558e+01, 7.6361e+01
 1.9880e+03, 1.2000e+01, 1.1243e+02, 1.0070e+02, 1.2467e+02
 1.9890e+03, 1.0000e+00, 6.3785e+01, 5.1677e+01, 7.5592e+01
 1.9890e+03, 2.0000e+00, 7.1416e+01, 5.9668e+01, 8.3306e+01
 1.9890e+03, 3.0000e+00, 3.5196e+01, 2.2620e+01, 4.7380e+01
 1.9890e+03, 4.0000e+00,-4.8512e+00,-1.7007e+01, 6.8777e+00
 1.9890e+03, 5.0000e+00,-1.5814e+01,-2.8491e+01,-3.3561e+00
 1.9890e+03, 6.0000e+00, 2.8156e-01,-1.2194e+01, 1.2956e+01
 1.9890e+03, 7.0000e+00,-9.0082e+00,-2.0425e+01, 2.1217e+00
 1.9890e+03, 8.0000e+00, 7.5705e+00,-3.9445e+00, 1.9135e+01
 1.9890e+03, 9.0000e+00, 5.1617e+01, 3.9704e+01, 6.3769e+01
 1.9890e+03, 1.0000e+01, 6.6358e+01, 5.4476e+01, 7.8519e+01
 1.9890e+03, 1.1000e+01, 1.3760e+02, 1.2593e+02, 1.4990e+02
 1.9890e+03, 1.2000e+01, 1.2197e+02, 1.0979e+02, 1.3424e+02
 1.9900e+03, 1.0000e+00, 5.8075e+01, 4.6560e+01, 6.9355e+01
 1.9900e+03, 2.0000e+00, 5.9560e+01, 4.8184e+01, 7.1653e+01
 1.9900e+03, 3.0000e+00, 3.5433e+01, 2.2793e+01, 4.7839e+01
 1.9900e+03, 4.0000e+00, 4.1985e+00,-7.5304e+00, 1.6340e+01
 1.9900e+03, 5.0000e+00,-1.9104e+00,-1.4781e+01, 1.0893e+01
 1.9900e+03, 6.0000e+00, 2.4568e+00,-9.9553e+00, 1.5474e+01
 1.9900e+03, 7.0000e+00,-6.9665e+00,-1.9027e+01, 4.8993e+00
 1.9900e+03, 8.0000e+00, 1.2684e+01, 1.1895e+00, 2.4166e+01
 1.9900e+03, 9.0000e+00, 3.0804e+01, 1.8960e+01, 4.3043e+01
 1.9900e+03, 1.0000e+01, 6.4337e+01, 5.2227e+01, 7.5906e+01
 1.9900e+03, 1.1000e+01, 8.9417e+01, 7.7297e+01, 1.0161e+02
 1.9900e+03, 1.2000e+01, 1.1383e+02, 1.0132e+02, 1.2600e+02
 1.9910e+03, 1.0000e+00, 9.1693e+01, 8.0141e+01, 1.0337e+02
 1.9910e+03, 2.0000e+00, 3.9982e+01, 2.8569e+01, 5.2038e+01
 1.9910e+03, 3.0000e+00, 2.1801e+01, 9.6900e+00, 3.3538e+01
 1.9910e+03, 4.0000e+00,-3.1640e+00,-1.5667e+01, 8.4692e+00
 1.9910e+03, 5.0000e+00,-8.3791e+00,-2.0910e+01, 4.5223e+00
 1.9910e+03, 6.0000e+00, 1.8633e+00,-1.0389e+01, 1.4074e+01
 1.9910e+03, 7.0000e+00,-5.0404e+00,-1.6691e+01, 6.5117e+00
 1.9910e+03, 8.0000e+00, 8.5942e+00,-2.9727e+00, 1.9970e+01
 1.9910e+03, 9.0000e+00, 6.9580e+01, 5.7574e+01, 8.1742e+01
 1.9910e+03, 1.0000e+01, 6.8744e+01, 5.6579e+01, 8.1051e+01
 1.9910e+03, 1.1000e+01, 1.0090e+02, 8.8567e+01, 1.1362e+02
 1.9910e+03, 1.2000e+01, 9.1106e+01, 7.8858e+01, 1.0308e+02
 1.9920e+03, 1.0000e+00, 7.2295e+01, 6.0201e+01, 8.4159e+01
 1.9920e+03, 2.0000e+00, 4.9609e+01, 3.8191e+01, 6.1334e+01
 1.9920e+03, 3.0000e+00, 4.3826e+01, 3.1741e+01, 5.5992e+01
 1.9920e+03, 4.0000e+00, 9.3036e+00,-2.6129e+00, 2.1096e+01
 1.9920e+03, 5.0000e+00,-4.1734e+00,-1.6857e+01, 8.3170e+00
 1.9920e+03, 6.0000e+00, 9.2659e+00,-3.1318e+00, 2.1703e+01
 1.9920e+03, 7.0000e+00,-7.0510e+00,-1.8596e+01, 4.6241e+00
 1.9920e+03, 8.0000e+00, 1.0353e+01,-1.2986e+00, 2.1886e+01
 1.9920e+03, 9.0000e+00, 3.7784e+01, 2.5605e+01, 5.0221e+01
 1.9920e+03, 1.0000e+01, 6.0935e+01, 4.9029e+01, 7.3259e+01
 1.9920e+03, 1.1000e+01, 7.7835e+01, 6.5681e+01, 8.9963e+01
 1.9920e+03, 1.2000e+01, 8.8682e+01, 7.6653e+01, 1.0126e+02
 1.9930e+03, 1.0000e+00, 8.0554e+01, 6.8669e+01, 9.2600e+01
 1.9930e+03, 2.0000e+00, 7.2712e+01, 6.1672e+01, 8.4240e+01
 1.9930e+03, 3.0000e+00, 3.4088e+01, 2.2267e+01, 4.6204e+01
 1.9930e+03, 4.0000e+00,-2.1796e+00,-1.4200e+01, 9.8370e+00
 1.9930e+03, 5.0000e+00,-1.5973e+01,-2.8415e+01,-3.5474e+00
 1.9930e+03, 6.0000e+00, 5.2629e+00,-7.2117e+00, 1.7628e+01
 1.9930e+03, 7.0000e+00,-9.2758e+00,-2.1128e+01, 2.0762e+00
 1.9930e+03, 8.0000e+00, 1.1409e+00,-1.0782e+01, 1.2371e+01
 1.9930e+03, 9.0000e+00, 6.4716e+01, 5.2741e+01, 7.7014e+01
 1.9930e+03, 1.0000e+01, 7.6500e+01, 6.4252e+01, 8.8652e+01
 1.9930e+03, 1.1000e+01, 9.4172e+01, 8.2035e+01, 1.0616e+02
 1.9930e+03, 1.2000e+01, 7.5079e+01, 6.3346e+01, 8.7151e+01
 1.9940e+03, 1.0000e+00, 9.4068e+01, 8.2407e+01, 1.0606e+02
 1.9940e+03, 2.0000e+00, 2.9784e+01, 1.7701e+01, 4.1666e+01
 1.9940e+03, 3.0000e+00, 1.7019e+01, 5.0029e+00, 2.9345e+01
 1.9940e+03, 4.0000e+00,-9.2952e+00,-2.1693e+01, 2.3494e+00
 1.9940e+03, 5.0000e+00,-1.3333e+01,-2.6495e+01,-5.8407e-01
 1.9940e+03, 6.0000e+00,-2.0202e+00,-1.4417e+01, 1.0621e+01
 1.9940e+03, 7.0000e+00,-1.3516e+01,-2.5403e+01,-2.1306e+00
 1.9940e+03, 8.0000e+00, 1.1233e+01,-9.3522e-02, 2.3084e+01
 1.9940e+03, 9.0000e+00, 1.4443e+01, 2.3819e+00, 2.6374e+01
 1.9940e+03, 1.0000e+01, 5.9179e+01, 4.7613e+01, 7.1114e+01
 1.9940e+03, 1.1000e+01, 8.4957e+01, 7.2856e+01, 9.6964e+01
 1.9940e+03, 1.2000e+01, 7.2014e+01, 6.0075e+01, 8.4114e+01
 1.9950e+03, 1.0000e+00, 9.2510e+01, 8.0820e+01, 1.0399e+02
 1.9950e+03, 2.0000e+00, 8.2634e+01, 7.1275e+01, 9.4516e+01
 1.9950e+03, 3.0000e+00, 3.0658e+01, 1.8175e+01, 4.2922e+01
 1.9950e+03, 4.0000e+00, 1.2674e+01, 7.6802e-01, 2.4562e+01
 1.9950e+03, 5.0000e+00,-1.0483e+01,-2.2910e+01, 2.0729e+00
 1.9950e+03, 6.0000e+00, 1.4449e+00,-1.0672e+01, 1.4082e+01
 1.9950e+03, 7.0000e+00,-5.9859e+00,-1.7502e+01, 5.6635e+00
 1.9950e+03, 8.0000e+00, 5.1238e+00,-6.4044e+00, 1.6702e+01
 1.9950e+03, 9.0000e+00, 6.2596e+01, 5.0310e+01, 7.4667e+01
 1.9950e+03, 1.0000e+01, 6.1771e+01, 4.9816e+01, 7.3332e+01
 1.9950e+03, 1.1000e+01, 1.2360e+02, 1.1124e+02, 1.3548e+02
 1.9950e+03, 1.2000e+01, 1.0612e+02, 9.4242e+01, 1.1836e+02
 1.9960e+03, 1.0000e+00, 8.6311e+01, 7.4751e+01, 9.7882e+01
 1.9960e+03, 2.0000e+00, 3.7393e+01, 2.5854e+01, 4.9220e+01
 1.9960e+03, 3.0000e+00, 2.7957e+01, 1.5652e+01, 4.0099e+01
 1.9960e+03, 4.0000e+00, 3.2791e-01,-1.2410e+01, 1.1793e+01
 1.9960e+03, 5.0000e+00,-4.9930e+00,-1.7593e+01, 7.3483e+00
 1.9960e+03, 6.0000e+00, 4.0020e+00,-8.5996e+00, 1.6327e+01
 1.9960e+03, 7.0000e+00,-1.2483e+01,-2.3986e+01,-1.0518e+00
 1.9960e+03, 8.0000e+00,-5.2374e+00,-1.7448e+01, 6.5325e+00
 1.9960e+03, 9.0000e+00, 2.4501e+01, 1.2806e+01, 3.6697e+01
 1.9960e+03, 1.0000e+01, 5.4170e+01, 4.2373e+01, 6.6108e+01
 1.9960e+03, 1.1000e+01, 9.8686e+01, 8.6335e+01, 1.1062e+02
 1.9960e+03, 1.2000e+01, 8.0671e+01, 6.8457e+01, 9.2508e+01
 1.9970e+03, 1.0000e+00, 8.1388e+01, 6.9642e+01, 9.3330e+01
 1.9970e+03, 2.0000e+00, 4.2652e+01, 3.1381e+01, 5.4291e+01
 1.9970e+03, 3.0000e+00, 2.7452e+01, 1.5071e+01, 3.9479e+01
 1.9970e+03, 4.0000e+00,-7.7914e+00,-2.0075e+01, 3.5676e+00
 1.9970e+03, 5.0000e+00,-2.2749e+00,-1.4352e+01, 1.0165e+01
 1.9970e+03, 6.0000e+00, 3.4825e+00,-8.9824e+00, 1.5836e+01
 1.9970e+03, 7.0000e+00,-8.1825e+00,-1.9705e+01, 3.9872e+00
 1.9970e+03, 8.0000e+00, 1.4181e+01, 2.1418e+00, 2.5882e+01
 1.9970e+03, 9.0000e+00, 2.3848e+01, 1.1440e+01, 3.5761e+01
 1.9970e+03, 1.0000e+01, 6.7939e+01, 5.6053e+01, 8.0340e+01
 1.9970e+03, 1.1000e+01, 8.0143e+01, 6.8191e+01, 9.2429e+01
 1.9970e+03, 1.2000e+01, 7.7321e+01, 6.5290e+01, 8.8882e+01
 1.9980e+03, 1.0000e+00, 8.0378e+01, 6.8730e+01, 9.1989e+01
 1.9980e+03, 2.0000e+00, 2.7102e+01, 1.5609e+01, 3.7993e+01
 1.9980e+03, 3.0000e+00, 4.6083e+01, 3.4286e+01, 5.8188e+01
 1.9980e+03, 4.0000e+00, 4.8001e+00,-6.6499e+00, 1.7094e+01
 1.9980e+03, 5.0000e+00,-1.2391e+01,-2.5011e+01,-4.1979e-01
 1.9980e+03, 6.0000e+00, 6.9229e+00,-5.5740e+00, 1.9160e+01
 1.9980e+03, 7.0000e+00, 2.0727e+01, 9.7867e+00, 3.2181e+01
 1.9980e+03, 8.0000e+00, 3.4977e+01, 2.3299e+01, 4.6599e+01
 1.9980e+03, 9.0000e+00, 6.9639e+01, 5.7794e+01, 8.1702e+01
 1.9980e+03, 1.0000e+01, 8.2968e+01, 7.1048e+01, 9.4666e+01
 1.9980e+03, 1.1000e+01, 9.2679e+01, 8.0624e+01, 1.0460e+02
 1.9980e+03, 1.2000e+01, 1.2072e+02, 1.0869e+02, 1.3298e+02
 1.9990e+03, 1.0000e+00, 1.1160e+02, 9.9930e+01, 1.2310e+02
 1.9990e+03, 2.0000e+00, 5.5515e+01, 4.3895e+01, 6.6886e+01
 1.9990e+03, 3.0000e+00, 4.8858e+01, 3.7238e+01, 6.0720e+01
 1.9990e+03, 4.0000e+00,-1.5938e+00,-1.3784e+01, 1.0490e+01
 1.9990e+03, 5.0000e+00,-7.3165e+00,-1.9603e+01, 5.8577e+00
 1.9990e+03, 6.0000e+00, 1.0174e+01,-2.3155e+00, 2.2555e+01
 1.9990e+03, 7.0000e+00,-9.5391e+00,-2.1022e+01, 2.3227e+00
 1.9990e+03, 8.0000e+00, 3.6637e+01, 2.4816e+01, 4.8265e+01
 1.9990e+03, 9.0000e+00, 5.9779e+01, 4.7723e+01, 7.1825e+01
 1.9990e+03, 1.0000e+01, 9.8251e+01, 8.6291e+01, 1.1003e+02
 1.9990e+03, 1.1000e+01, 8.5462e+01, 7.3381e+01, 9.7565e+01
 1.9990e+03, 1.2000e+01, 1.0731e+02, 9.4915e+01, 1.1951e+02
 2.0000e+03, 1.0000e+00, 9.8201e+01, 8.6337e+01, 1.1034e+02
 2.0000e+03, 2.0000e+00, 5.9207e+01, 4.7805e+01, 7.0974e+01
 2.0000e+03, 3.0000e+00, 2.5236e+01, 1.3131e+01, 3.7304e+01
 2.0000e+03, 4.0000e+00, 1.6151e+01, 4.0282e+00, 2.8009e+01
 2.0000e+03, 5.0000e+00,-9.1513e+00,-2.1674e+01, 3.5468e+00
 2.0000e+03, 6.0000e+00, 2.1973e+00,-1.0283e+01, 1.4437e+01
 2.0000e+03, 7.0000e+00, 7.2212e+00,-4.6336e+00, 1.8991e+01
 2.0000e+03, 8.0000e+00, 2.3781e+01, 1.2053e+01, 3.5553e+01
 2.0000e+03, 9.0000e+00, 6.8297e+01, 5.6629e+01, 8.0414e+01
 2.0000e+03, 1.0000e+01, 5.6959e+01, 4.4562e+01, 6.8555e+01
 2.0000e+03, 1.1000e+01, 8.7155e+01, 7.5258e+01, 9.9451e+01
 2.0000e+03, 1.2000e+01, 1.4387e+02, 1.3197e+02, 1.5576e+02
 2.0010e+03, 1.0000e+00, 7.2476e+01, 6.1031e+01, 8.4007e+01
 2.0010e+03, 2.0000e+00, 7.4536e+01, 6.3076e+01, 8.6005e+01
 2.0010e+03, 3.0000e+00, 3.7253e+01, 2.5371e+01, 4.9066e+01
 2.0010e+03, 4.0000e+00,-1.5798e+01,-2.7833e+01,-3.6930e+00
 2.0010e+03, 5.0000e+00,-9.7226e+00,-2.2422e+01, 2.8203e+00
 2.0010e+03, 6.0000e+00, 2.9347e+00,-9.4526e+00, 1.5110e+01
 2.0010e+03, 7.0000e+00,-4.4375e+00,-1.6030e+01, 7.1646e+00
 2.0010e+03, 8.0000e+00, 1.2273e+01, 9.0524e-01, 2.4333e+01
 2.0010e+03, 9.0000e+00, 5.8729e+01, 4.6976e+01, 7.0707e+01
 2.0010e+03, 1.0000e+01, 7.6481e+01, 6.4773e+01, 8.8946e+01
 2.0010e+03, 1.1000e+01, 5.4725e+01, 4.2666e+01, 6.7111e+01
 2.0010e+03, 1.2000e+01, 8.8751e+01, 7.6822e+01, 1.0116e+02
 2.0020e+03, 1.0000e+00, 9.8241e+01, 8.6448e+01, 1.0983e+02
 2.0020e+03, 2.0000e+00, 8.4603e+01, 7.2972e+01, 9.6496e+01
 2.0020e+03, 3.0000e+00, 8.3264e+01, 7.1195e+01, 9.5626e+01
 2.0020e+03, 4.0000e+00, 7.1665e+00,-4.5634e+00, 1.9233e+01
 2.0020e+03, 5.0000e+00, 6.4353e+00,-5.9421e+00, 1.8588e+01
 2.0020e+03, 6.0000e+00, 2.3853e+00,-9.9199e+00, 1.4999e+01
 2.0020e+03, 7.0000e+00,-7.2697e+00,-1.9237e+01, 4.2240e+00
 2.0020e+03, 8.0000e+00, 2.1041e+01, 8.8478e+00, 3.2656e+01
 2.0020e+03, 9.0000e+00, 3.2604e+01, 2.0261e+01, 4.4776e+01
 2.0020e+03, 1.0000e+01, 9.4283e+01, 8.2571e+01, 1.0607e+02
 2.0020e+03, 1.1000e+01, 9.4080e+01, 8.1838e+01, 1.0637e+02
 2.0020e+03, 1.2000e+01, 1.1981e+02, 1.0783e+02, 1.3198e+02
 2.0030e+03, 1.0000e+00, 1.1246e+02, 1.0081e+02, 1.2428e+02
 2.0030e+03, 2.0000e+00, 4.6947e+01, 3.5307e+01, 5.8554e+01
 2.0030e+03, 3.0000e+00, 1.6461e+01, 4.2805e+00, 2.8365e+01
 2.0030e+03, 4.0000e+00, 2.2821e+00,-9.4072e+00, 1.4224e+01
 2.0030e+03, 5.0000e+00,-1.4137e+01,-2.6803e+01,-1.3829e+00
 2.0030e+03, 6.0000e+00, 9.0436e+00,-2.8144e+00, 2.1708e+01
 2.0030e+03, 7.0000e+00,-8.9840e+00,-2.0624e+01, 2.6604e+00
 2.0030e+03, 8.0000e+00, 6.2644e+00,-5.3948e+00, 1.8103e+01
 2.0030e+03, 9.0000e+00, 3.4337e+01, 2.2368e+01, 4.6720e+01
 2.0030e+03, 1.0000e+01, 6.0377e+01, 4.8027e+01, 7.2301e+01
 2.0030e+03, 1.1000e+01, 8.5111e+01, 7.2607e+01, 9.7538e+01
 2.0030e+03, 1.2000e+01, 8.8750e+01, 7.6502e+01, 1.0074e+02
 2.0040e+03, 1.0000e+00, 1.0140e+02, 8.9744e+01, 1.1310e+02
 2.0040e+03, 2.0000e+00, 3.4436e+01, 2.3076e+01, 4.5904e+01
 2.0040e+03, 3.0000e+00, 2.0993e+01, 8.6383e+00, 3.2981e+01
 2.0040e+03, 4.0000e+00,-7.9814e+00,-1.9819e+01, 3.8296e+00
 2.0040e+03, 5.0000e+00,-7.9299e+00,-2.0403e+01, 4.4298e+00
 2.0040e+03, 6.0000e+00, 2.5039e+00,-1.0273e+01, 1.4910e+01
 2.0040e+03, 7.0000e+00,-7.8818e+00,-1.9569e+01, 3.6402e+00
 2.0040e+03, 8.0000e+00, 2.5449e+01, 1.3741e+01, 3.6832e+01
 2.0040e+03, 9.0000e+00, 1.5286e+01, 2.8654e+00, 2.7880e+01
 2.0040e+03, 1.0000e+01, 5.6541e+01, 4.4196e+01, 6.8765e+01
 2.0040e+03, 1.1000e+01, 8.5925e+01, 7.3646e+01, 9.7750e+01
 2.0040e+03, 1.2000e+01, 1.1869e+02, 1.0621e+02, 1.3083e+02
 2.0050e+03, 1.0000e+00, 1.0013e+02, 8.8736e+01, 1.1198e+02
 2.0050e+03, 2.0000e+00, 3.9650e+01, 2.7950e+01, 5.1202e+01
 2.0050e+03, 3.0000e+00, 3.8878e+01, 2.6858e+01, 5.0960e+01
 2.0050e+03, 4.0000e+00,-4.6426e+00,-1.6760e+01, 7.4496e+00
 2.0050e+03, 5.0000e+00,-1.0243e+01,-2.2612e+01, 2.6401e+00
 2.0050e+03, 6.0000e+00,-7.0695e+00,-1.9886e+01, 6.0138e+00
 2.0050e+03, 7.0000e+00,-1.7719e+00,-1.3869e+01, 9.7735e+00
 2.0050e+03, 8.0000e+00, 1.7664e+01, 5.9941e+00, 2.9013e+01
 2.0050e+03, 9.0000e+00, 4.4954e+01, 3.3452e+01, 5.6635e+01
 2.0050e+03, 1.0000e+01, 6.4447e+01, 5.2495e+01, 7.6804e+01
 2.0050e+03, 1.1000e+01, 1.0391e+02, 9.1727e+01, 1.1620e+02
 2.0050e+03, 1.2000e+01, 1.1246e+02, 1.0013e+02, 1.2438e+02
 2.0060e+03, 1.0000e+00, 6.9638e+01, 5.8137e+01, 8.1407e+01
 2.0060e+03, 2.0000e+00, 8.6550e+01, 7.5423e+01, 9.7959e+01
 2.0060e+03, 3.0000e+00, 4.3561e+01, 3.1631e+01, 5.5568e+01
 2.0060e+03, 4.0000e+00, 9.3744e-01,-1.0875e+01, 1.2726e+01
 2.0060e+03, 5.0000e+00,-7.6183e+00,-2.0288e+01, 4.7155e+00
 2.0060e+03, 6.0000e+00, 8.5163e+00,-3.7300e+00, 2.0823e+01
 2.0060e+03, 7.0000e+00,-3.5284e+00,-1.4535e+01, 7.4515e+00
 2.0060e+03, 8.0000e+00, 4.7360e+01, 3.6016e+01, 5.9197e+01
 2.0060e+03, 9.0000e+00, 7.6942e+01, 6.5040e+01, 8.8604e+01
 2.0060e+03, 1.0000e+01, 1.0873e+02, 9.7080e+01, 1.2031e+02
 2.0060e+03, 1.1000e+01, 7.5338e+01, 6.3457e+01, 8.7024e+01
 2.0060e+03, 1.2000e+01, 9.0496e+01, 7.8179e+01, 1.0248e+02
 2.0070e+03, 1.0000e+00, 1.0808e+02, 9.6815e+01, 1.1946e+02
 2.0070e+03, 2.0000e+00, 1.0360e+02, 9.2377e+01, 1.1487e+02
 2.0070e+03, 3.0000e+00, 4.1978e+01, 2.9950e+01, 5.4316e+01
 2.0070e+03, 4.0000e+00, 1.3768e+01, 2.0963e+00, 2.5503e+01
 2.0070e+03, 5.0000e+00,-6.5266e+00,-1.8889e+01, 6.0395e+00
 2.0070e+03, 6.0000e+00,-9.2770e-01,-1.3852e+01, 1.1469e+01
 2.0070e+03, 7.0000e+00,-3.0351e+00,-1.4192e+01, 8.6621e+00
 2.0070e+03, 8.0000e+00, 2.6210e+01, 1.4642e+01, 3.7556e+01
 2.0070e+03, 9.0000e+00, 4.3971e+01, 3.1769e+01, 5.5866e+01
 2.0070e+03, 1.0000e+01, 4.3995e+01, 3.2172e+01, 5.5865e+01
 2.0070e+03, 1.1000e+01, 1.1127e+02, 9.9113e+01, 1.2312e+02
 2.0070e+03, 1.2000e+01, 1.0904e+02, 9.7307e+01, 1.2058e+02
 2.0080e+03, 1.0000e+00, 9.1091e+01, 7.9319e+01, 1.0299e+02
 2.0080e+03, 2.0000e+00, 7.2029e+01, 6.0727e+01, 8.3445e+01
 2.0080e+03, 3.0000e+00, 3.9654e+01, 2.7470e+01, 5.2080e+01
 2.0080e+03, 4.0000e+00,-8.6157e+00,-2.0224e+01, 3.4572e+00
 2.0080e+03, 5.0000e+00,-4.5215e+00,-1.7050e+01, 7.8956e+00
 2.0080e+03, 6.0000e+00, 4.2321e+00,-8.2624e+00, 1.6297e+01
 2.0080e+03, 7.0000e+00,-1.3421e+01,-2.4597e+01,-2.1934e+00
 2.0080e+03, 8.0000e+00, 2.0624e+01, 9.0191e+00, 3.1841e+01
 2.0080e+03, 9.0000e+00, 4.1417e+01, 2.9097e+01, 5.3287e+01
 2.0080e+03, 1.0000e+01, 8.1480e+01, 6.9756e+01, 9.3775e+01
 2.0080e+03, 1.1000e+01, 9.4685e+01, 8.2335e+01, 1.0645e+02
 2.0080e+03, 1.2000e+01, 1.4401e+02, 1.3199e+02, 1.5600e+02
 2.0090e+03, 1.0000e+00, 9.0831e+01, 7.9214e+01, 1.0241e+02
 2.0090e+03, 2.0000e+00, 3.5907e+01, 2.4123e+01, 4.7281e+01
 2.0090e+03, 3.0000e+00, 2.4878e+01, 1.3105e+01, 3.7075e+01
 2.0090e+03, 4.0000e+00,-7.9038e+00,-1.9534e+01, 4.1457e+00
 2.0090e+03, 5.0000e+00,-5.5105e+00,-1.7915e+01, 6.7484e+00
 2.0090e+03, 6.0000e+00, 7.1238e+00,-4.8528e+00, 1.9592e+01
 2.0090e+03, 7.0000e+00, 3.0496e-01,-1.1103e+01, 1.1469e+01
 2.0090e+03, 8.0000e+00, 8.0383e+00,-3.2370e+00, 1.9841e+01
 2.0090e+03, 9.0000e+00, 2.5646e+01, 1.3542e+01, 3.7437e+01
 2.0090e+03, 1.0000e+01, 8.1196e+01, 6.9194e+01, 9.2744e+01
 2.0090e+03, 1.1000e+01, 4.3365e+01, 3.1276e+01, 5.5814e+01
 2.0090e+03, 1.2000e+01, 1.2330e+02, 1.1144e+02, 1.3537e+02
 2.0100e+03, 1.0000e+00, 9.7581e+01, 8.6187e+01, 1.0917e+02
 2.0100e+03, 2.0000e+00, 6.8545e+01, 5.7231e+01, 7.9645e+01
 2.0100e+03, 3.0000e+00, 2.3606e+01, 1.1885e+01, 3.4994e+01
 2.0100e+03, 4.0000e+00, 3.8756e+00,-7.7621e+00, 1.5783e+01
 2.0100e+03, 5.0000e+00,-1.8296e+00,-1.4283e+01, 1.0512e+01
 2.0100e+03, 6.0000e+00, 5.0439e+00,-7.3070e+00, 1.6900e+01
 2.0100e+03, 7.0000e+00, 5.7768e+00,-5.4005e+00, 1.6990e+01
 2.0100e+03, 8.0000e+00, 2.8227e+01, 1.6888e+01, 3.9956e+01
 2.0100e+03, 9.0000e+00, 6.6708e+01, 5.4986e+01, 7.8853e+01
 2.0100e+03, 1.0000e+01, 8.1159e+01, 6.9386e+01, 9.2886e+01
 2.0100e+03, 1.1000e+01, 9.9571e+01, 8.7572e+01, 1.1215e+02
 2.0100e+03, 1.2000e+01, 1.2859e+02, 1.1668e+02, 1.4073e+02
 2.0110e+03, 1.0000e+00, 1.0394e+02, 9.2219e+01, 1.1574e+02
 2.0110e+03, 2.0000e+00, 7.4664e+01, 6.3310e+01, 8.5856e+01
 2.0110e+03, 3.0000e+00, 4.5849e+01, 3.3861e+01, 5.7612e+01
 2.0110e+03, 4.0000e+00,-4.5301e-01,-1.2360e+01, 1.1295e+01
 2.0110e+03, 5.0000e+00,-1.2833e+01,-2.5538e+01,-9.5925e-01
 2.0110e+03, 6.0000e+00, 4.9369e+00,-7.3512e+00, 1.7167e+01
 2.0110e+03, 7.0000e+00,-1.5295e+01,-2.7089e+01,-4.0378e+00
 2.0110e+03, 8.0000e+00, 2.9182e+01, 1.7654e+01, 4.0679e+01
 2.0110e+03, 9.0000e+00, 6.3122e+01, 5.1466e+01, 7.5262e+01
 2.0110e+03, 1.0000e+01, 6.9260e+01, 5.7712e+01, 8.1614e+01
 2.0110e+03, 1.1000e+01, 7.3731e+01, 6.1862e+01, 8.5723e+01
 2.0110e+03, 1.2000e+01, 1.1253e+02, 1.0030e+02, 1.2429e+02
 2.0120e+03, 1.0000e+00, 9.6047e+01, 8.4759e+01, 1.0755e+02
 2.0120e+03, 2.0000e+00, 5.7612e+01, 4.6052e+01, 6.8919e+01
 2.0120e+03, 3.0000e+00, 1.5334e+01, 3.3372e+00, 2.7300e+01
 2.0120e+03, 4.0000e+00, 4.9593e+00,-6.6924e+00, 1.6661e+01
 2.0120e+03, 5.0000e+00,-5.4511e+00,-1.7824e+01, 6.9953e+00
 2.0120e+03, 6.0000e+00, 7.2045e+00,-4.7471e+00, 1.9431e+01
 2.0120e+03, 7.0000e+00, 1.5371e+01, 3.5401e+00, 2.6627e+01
 2.0120e+03, 8.0000e+00, 6.1009e+01, 4.9776e+01, 7.2425e+01
 2.0120e+03, 9.0000e+00, 1.0007e+02, 8.8329e+01, 1.1178e+02
 2.0120e+03, 1.0000e+01, 8.2758e+01, 7.0909e+01, 9.4587e+01
 2.0120e+03, 1.1000e+01, 9.6407e+01, 8.4348e+01, 1.0855e+02
 2.0120e+03, 1.2000e+01, 8.2909e+01, 7.1097e+01, 9.5012e+01
 2.0130e+03, 1.0000e+00, 1.0451e+02, 9.3005e+01, 1.1618e+02
 2.0130e+03, 2.0000e+00, 7.2506e+01, 6.0877e+01, 8.3910e+01
 2.0130e+03, 3.0000e+00, 4.8817e+01, 3.6744e+01, 6.0559e+01
 2.0130e+03, 4.0000e+00, 7.6309e+00,-4.2851e+00, 1.9633e+01
 2.0130e+03, 5.0000e+00,-1.2550e+01,-2.4669e+01, 8.9040e-02
 2.0130e+03, 6.0000e+00,-2.8691e+00,-1.5235e+01, 9.1033e+00
 2.0130e+03, 7.0000e+00,-2.8249e-01,-1.1828e+01, 1.1120e+01
 2.0130e+03, 8.0000e+00, 9.9385e+00,-1.8250e+00, 2.2139e+01
 2.0130e+03, 9.0000e+00, 4.8474e+01, 3.5753e+01, 6.0490e+01
 2.0130e+03, 1.0000e+01, 7.2267e+01, 6.0107e+01, 8.4569e+01
 2.0130e+03, 1.1000e+01, 1.0443e+02, 9.1781e+01, 1.1634e+02
 2.0130e+03, 1.2000e+01, 1.1958e+02, 1.0694e+02, 1.3142e+02
 2.0140e+03, 1.0000e+00, 9.5911e+01, 8.4637e+01, 1.0796e+02
 2.0140e+03, 2.0000e+00, 3.2157e+01, 2.0711e+01, 4.4134e+01
 2.0140e+03, 3.0000e+00, 1.3417e+01, 1.2518e+00, 2.5632e+01
 2.0140e+03, 4.0000e+00,-2.1806e+01,-3.3529e+01,-9.5970e+00
 2.0140e+03, 5.0000e+00,-3.9696e+01,-5.2768e+01,-2.6678e+01
 2.0140e+03, 6.0000e+00,-5.7154e+00,-1.8113e+01, 6.7691e+00
 2.0140e+03, 7.0000e+00,-1.6414e+01,-2.8315e+01,-4.9607e+00
 2.0140e+03, 8.0000e+00, 4.4895e+00,-7.1235e+00, 1.6084e+01
 2.0140e+03, 9.0000e+00, 3.6305e+01, 2.4021e+01, 4.8282e+01
 2.0140e+03, 1.0000e+01, 4.4202e+01, 3.2477e+01, 5.5950e+01
 2.0140e+03, 1.1000e+01, 9.8699e+01, 8.6630e+01, 1.1099e+02
 2.0140e+03, 1.2000e+01, 7.5985e+01, 6.3856e+01, 8.8144e+01
 2.0150e+03, 1.0000e+00, 9.3197e+01, 8.1834e+01, 1.0467e+02
 2.0150e+03, 2.0000e+00, 6.9660e+01, 5.7866e+01, 8.1144e+01
 2.0150e+03, 3.0000e+00, 1.8608e+01, 6.4153e+00, 3.0391e+01
 2.0150e+03, 4.0000e+00,-7.2748e+00,-1.9628e+01, 5.0863e+00
 2.0150e+03, 5.0000e+00,-5.2728e+00,-1.7671e+01, 6.9937e+00
 2.0150e+03, 6.0000e+00,-4.2453e+00,-1.6535e+01, 7.5417e+00
 2.0150e+03, 7.0000e+00,-1.3062e+01,-2.4175e+01,-1.8776e+00
 2.0150e+03, 8.0000e+00, 1.2263e+01, 2.0476e-01, 2.3603e+01
 2.0150e+03, 9.0000e+00, 3.2223e+01, 2.0282e+01, 4.4236e+01
 2.0150e+03, 1.0000e+01, 7.3203e+01, 6.1465e+01, 8.4954e+01
 2.0150e+03, 1.1000e+01, 7.3628e+01, 6.1661e+01, 8.5241e+01
 2.0150e+03, 1.2000e+01, 7.9376e+01, 6.7489e+01, 9.1616e+01
 2.0160e+03, 1.0000e+00, 7.1648e+01, 5.9803e+01, 8.3603e+01
 2.0160e+03, 2.0000e+00, 5.4856e+01, 4.3003e+01, 6.6514e+01
 2.0160e+03, 3.0000e+00, 2.2357e+01, 1.0741e+01, 3.4445e+01
 2.0160e+03, 4.0000e+00, 1.0367e+01,-5.7583e+00, 2.6173e+01
 2.0160e+03, 5.0000e+00,-6.4341e+00,-2.2737e+01, 1.0416e+01
 2.0160e+03, 6.0000e+00,-4.6533e+00,-1.5471e+01, 6.3156e+00
 2.0160e+03, 7.0000e+00,-9.0633e+00,-1.9560e+01, 9.7948e-01
 2.0160e+03, 8.0000e+00, 2.1877e+01, 1.1485e+01, 3.2103e+01
 2.0160e+03, 9.0000e+00, 4.7800e+01, 3.7179e+01, 5.8812e+01
 2.0160e+03, 1.0000e+01, 7.0860e+01, 5.9924e+01, 8.4108e+01
 2.0160e+03, 1.1000e+01, 5.2149e+01, 4.1870e+01, 6.3298e+01
 2.0160e+03, 1.2000e+01, 1.3072e+02, 1.2018e+02, 1.4289e+02
 2.0170e+03, 1.0000e+00, 7.9372e+01, 6.8281e+01, 9.0237e+01
 2.0170e+03, 2.0000e+00, 6.8024e+01, 5.4958e+01, 7.8629e+01
 2.0170e+03, 3.0000e+00, 4.9489e+01, 3.7399e+01, 6.0198e+01
 2.0170e+03, 4.0000e+00,-1.8099e+01,-3.0699e+01,-7.4208e+00
 2.0170e+03, 5.0000e+00,-1.2765e+01,-2.4963e+01,-1.8563e+00
 2.0170e+03, 6.0000e+00,-7.4254e+00,-1.8908e+01, 3.2963e+00
 2.0170e+03, 7.0000e+00,-6.3170e+00,-1.6141e+01, 4.3403e+00
 2.0170e+03, 8.0000e+00, 1.6769e+01, 5.7344e+00, 2.6768e+01
 2.0170e+03, 9.0000e+00, 2.7288e+01, 1.6212e+01, 3.7703e+01
 2.0170e+03, 1.0000e+01, 6.6998e+01, 5.5627e+01, 7.7446e+01
 2.0170e+03, 1.1000e+01, 9.6385e+01, 8.6490e+01, 1.0809e+02
 2.0170e+03, 1.2000e+01, 1.1341e+02, 9.6921e+01, 1.2511e+02
 2.0180e+03, 1.0000e+00, 9.1573e+01, 8.0775e+01, 1.0259e+02
 2.0180e+03, 2.0000e+00, 6.0741e+01, 5.0578e+01, 7.1944e+01
 2.0180e+03, 3.0000e+00, 4.0126e+01, 2.9234e+01, 5.1328e+01
 2.0180e+03, 4.0000e+00, 2.8386e+01, 1.7509e+01, 4.1542e+01
 2.0180e+03, 5.0000e+00,-1.3370e+01,-2.4490e+01,-1.0253e+00
 2.0180e+03, 6.0000e+00, 4.9510e-02,-1.0796e+01, 1.1036e+01
 2.0180e+03, 7.0000e+00,-8.2817e+00,-1.9505e+01, 1.8552e+00
 2.0180e+03, 8.0000e+00, 1.8809e+01, 8.1356e+00, 2.9131e+01
 2.0180e+03, 9.0000e+00, 4.9786e+01, 3.8751e+01, 6.0526e+01
 2.0180e+03, 1.0000e+01, 6.8008e+01, 5.4034e+01, 7.8913e+01
 2.0180e+03, 1.1000e+01, 8.7466e+01, 7.5761e+01, 9.7596e+01
 2.0180e+03, 1.2000e+01, 7.9008e+01, 6.8433e+01, 9.1294e+01
 2.0190e+03, 1.0000e+00, 9.6766e+01, 8.4560e+01, 1.0731e+02
 2.0190e+03, 2.0000e+00, 4.7593e+01, 3.7238e+01, 5.8870e+01
 2.0190e+03, 3.0000e+00, 2.8388e+01, 1.7311e+01, 3.9447e+01
 2.0190e+03, 4.0000e+00,-4.4110e+00,-1.7780e+01, 6.2580e+00
 2.0190e+03, 5.0000e+00,-1.1304e+01,-2.2448e+01, 1.2119e-02
 2.0190e+03, 6.0000e+00, 1.3487e+00,-9.3685e+00, 1.2239e+01
 2.0190e+03, 7.0000e+00,-3.5848e+00,-1.3590e+01, 7.2863e+00
 2.0190e+03, 8.0000e+00, 3.2097e+01, 2.1418e+01, 4.2532e+01
 2.0190e+03, 9.0000e+00, 3.1692e+01, 2.0258e+01, 4.2171e+01
 2.0190e+03, 1.0000e+01, 7.6825e+01, 6.5708e+01, 8.7325e+01
 2.0190e+03, 1.1000e+01, 9.8495e+01, 8.5315e+01, 1.0899e+02
 2.0190e+03, 1.2000e+01, 6.7165e+01, 4.9730e+01, 8.4505e+01
