"Year","Month","Median","2.5 Percentile","97.5 Percentile"
1950,1,234.8,225.58,245.69
1950,2,119.92,109.43,130.71
1950,3,275.72,263.25,287.68
1950,4,384.66,371.78,398.85
1950,5,108.95,97.1,122.26
1950,6,79.67,71.5,88.85
1950,7,51.98,45.49,59.33
1950,8,35.99,29.63,42.39
1950,9,58.12,51.92,65.04
1950,10,85.7,77.87,95.21
1950,11,163.35,153.53,174.24
1950,12,223.19,212.13,233.37
1951,1,250.35,240.36,260.76
1951,2,228.87,218.28,239.48
1951,3,340.31,327.68,351.77
1951,4,404.68,391.97,418.44
1951,5,121.86,109.57,135.37
1951,6,72.55,64.79,81.63
1951,7,99.58,93.37,107.23
1951,8,43.66,37.24,50.28
1951,9,51.98,45.8,59.28
1951,10,70.33,62.23,79.52
1951,11,141.75,132.21,153.1
1951,12,156.32,144.88,166.9
1952,1,242.42,232.89,252.73
1952,2,194.68,184.06,205.68
1952,3,282.35,269.65,294.32
1952,4,301.96,288.86,315.74
1952,5,142.62,130.76,156.48
1952,6,78.89,70.9,88.09
1952,7,58.18,51.95,65.2
1952,8,35.85,29.26,42.21
1952,9,42.46,36.65,49.65
1952,10,73.84,65.72,83.05
1952,11,80.84,71.12,91.94
1952,12,149.12,138.15,159.62
1953,1,140.11,130.38,150.45
1953,2,135.92,125.46,146.78
1953,3,242.3,229.89,254.17
1953,4,152.09,139.2,166.27
1953,5,214.66,202.69,228.26
1953,6,72.78,64.98,81.9
1953,7,49.22,42.99,56.34
1953,8,51.83,45.17,58.39
1953,9,47.51,41.01,54.32
1953,10,59.82,51.78,68.81
1953,11,65.47,56.14,76.32
1953,12,115.73,104.63,126.53
1954,1,94.23,84.9,104.57
1954,2,255.37,245.15,266.15
1954,3,271.64,259.19,283.63
1954,4,348.12,335.34,362.38
1954,5,196.54,184.49,210.03
1954,6,81,73.14,90.43
1954,7,44.4,38.32,51.73
1954,8,32.72,26.46,39.21
1954,9,57.28,51.32,64.43
1954,10,119.9,112.12,129.15
1954,11,137.12,127.25,148
1954,12,183.65,172.24,194.18
1955,1,169.91,160.29,180.56
1955,2,103.34,92.97,114.31
1955,3,403.22,390.48,414.95
1955,4,311.38,298.14,325.65
1955,5,74.12,62.46,87.95
1955,6,59.53,51.78,68.45
1955,7,35.71,29.78,42.99
1955,8,30.3,24.28,37.27
1955,9,32.42,26.47,39.62
1955,10,164.05,156.23,173.79
1955,11,192.26,182.3,203.31
1955,12,131.1,119.91,141.56
1956,1,90.54,81.12,101.19
1956,2,108.86,98.41,119.72
1956,3,315.01,301.87,327.19
1956,4,449.11,435.95,463.36
1956,5,296.5,284.32,310.38
1956,6,124.14,116.11,133.34
1956,7,61.61,55.16,68.98
1956,8,47.08,40.9,53.95
1956,9,83.5,76.88,90.45
1956,10,71.37,63.38,80.56
1956,11,78.1,68.56,88.61
1956,12,159.58,148.8,170.03
1957,1,176.61,167.03,186.84
1957,2,136.93,126.75,147.6
1957,3,201.84,189.55,213.83
1957,4,189.63,176.94,203.56
1957,5,134.23,122.2,147.7
1957,6,79.62,71.55,89.12
1957,7,71.56,65.16,78.97
1957,8,40.05,34.04,46.53
1957,9,45.34,39.38,52.34
1957,10,54.98,47.18,63.98
1957,11,78.22,68.61,89.13
1957,12,169.3,158.06,179.56
1958,1,101.23,91.41,112.11
1958,2,70,59.36,80.94
1958,3,231.48,219.05,243.11
1958,4,266.82,253.65,280.46
1958,5,127.82,115.67,141.28
1958,6,109.13,100.88,118.38
1958,7,67.17,60.57,74.33
1958,8,47.41,41.02,53.8
1958,9,92.38,86.07,99.39
1958,10,109.11,101.3,118.09
1958,11,129.98,120.33,141.01
1958,12,114.83,104.04,125.62
1959,1,167.44,157.55,178.07
1959,2,153.76,143.13,164.26
1959,3,272.28,259.5,283.81
1959,4,435.43,422.65,449.4
1959,5,112.19,100.34,126.34
1959,6,49.46,41.61,58.39
1959,7,50.62,44.68,57.29
1959,8,34.45,28.03,41.04
1959,9,39.25,33.24,46.11
1959,10,107.55,99.69,116.83
1959,11,160.4,150.89,171.37
1959,12,260.59,249.08,270.9
1960,1,182.75,172.66,193.33
1960,2,211.49,200.74,222.31
1960,3,155.48,143.13,167.72
1960,4,529.46,515.9,543.11
1960,5,196.91,184.77,210.97
1960,6,123.78,115.59,132.91
1960,7,51.43,45.22,58.5
1960,8,32.02,25.84,38.49
1960,9,30.53,24.08,37.47
1960,10,54.58,46.68,63.82
1960,11,70.03,60.64,80.86
1960,12,49.14,38.42,59.69
1961,1,48.29,38.84,58.63
1961,2,117.39,106.7,128.45
1961,3,239.91,227.78,252.25
1961,4,270.78,257.43,284.73
1961,5,179.62,167.58,193.33
1961,6,126.38,118.18,135.51
1961,7,72.12,65.4,79.21
1961,8,43.3,36.99,49.69
1961,9,40.61,34.56,47.64
1961,10,53.6,45.53,62.5
1961,11,82.66,73.19,93.62
1961,12,108.38,97.59,118.68
1962,1,114.51,105.02,125.28
1962,2,66.45,56.34,77.26
1962,3,217.98,205.48,229.77
1962,4,261.94,249.09,276.24
1962,5,92.06,80.44,105.24
1962,6,39.42,31.5,48.57
1962,7,35.22,28.92,42.13
1962,8,46.33,39.92,53.07
1962,9,42.72,36.71,49.61
1962,10,90.6,82.46,99.56
1962,11,118.41,108.64,129.53
1962,12,95.73,84.49,106.05
1963,1,65.64,56,76.28
1963,2,46.3,36.07,56.88
1963,3,257.61,245.05,269.44
1963,4,313.95,300.88,328.09
1963,5,139.44,127.61,153.13
1963,6,55.76,47.85,64.76
1963,7,35.75,29.7,43.24
1963,8,36.79,30.68,43.5
1963,9,33.42,27.55,40.68
1963,10,48.12,40.23,57.2
1963,11,64.19,54.71,75.3
1963,12,96.24,85.23,107.01
1964,1,131.7,122.46,142.19
1964,2,79.84,69.33,90.88
1964,3,251.61,238.92,263.15
1964,4,217.11,204.04,230.97
1964,5,111.68,99.28,125.21
1964,6,50.51,42.83,59.78
1964,7,36.98,30.58,44.35
1964,8,29.36,23.16,35.75
1964,9,27.86,21.93,34.88
1964,10,44.72,36.83,53.88
1964,11,49.9,40.53,61.14
1964,12,84.58,73.79,94.95
1965,1,89.57,79.88,100.38
1965,2,166.02,155.5,177.01
1965,3,122.9,110.1,135.73
1965,4,251.71,238.58,266.22
1965,5,107.53,95.36,121.35
1965,6,41.01,33.38,50.1
1965,7,34.36,28.55,42.05
1965,8,27.07,20.9,33.5
1965,9,40.04,34.05,47.35
1965,10,101.45,93.51,110.71
1965,11,161.57,151.9,172.82
1965,12,192.88,182.05,203.34
1966,1,146.83,137.58,156.99
1966,2,149.46,138.96,160.57
1966,3,297.22,284.68,309.22
1966,4,146.1,133.32,159.96
1966,5,107.07,94.88,120.87
1966,6,66.13,58.06,75.24
1966,7,31.54,25.77,38.87
1966,8,28.45,22.09,35.12
1966,9,38.82,32.69,45.72
1966,10,53.96,45.94,63.13
1966,11,85.86,76.34,97.03
1966,12,197.71,186.14,208.24
1967,1,140.92,131.3,151.63
1967,2,99.55,88.94,110.06
1967,3,128.35,116.04,140.01
1967,4,222.84,210.31,236.89
1967,5,147.64,135.72,161.26
1967,6,84.14,76.13,93.31
1967,7,91.41,84.08,98.34
1967,8,59.39,52.64,65.99
1967,9,55.85,49.72,62.82
1967,10,155.22,147.4,164.43
1967,11,272.67,262.85,283.62
1967,12,198.05,187.07,208.4
1968,1,124.81,115.65,135.83
1968,2,160.36,149.93,171.26
1968,3,243.17,230.29,254.96
1968,4,161.63,148.77,175.45
1968,5,102.13,90.22,115.7
1968,6,96.42,88.77,105.88
1968,7,74.8,68.36,82.33
1968,8,36.02,29.78,42.35
1968,9,53.04,46.95,59.99
1968,10,77.67,69.84,86.8
1968,11,189.29,179.74,200.4
1968,12,215.42,204.08,225.72
1969,1,192.08,182.22,202.43
1969,2,151.77,141.44,162.69
1969,3,167.62,155.34,179.67
1969,4,341.35,328.01,355.67
1969,5,249.41,237.7,263.5
1969,6,124.82,116.44,133.81
1969,7,70.44,63.99,77.48
1969,8,43.68,37.33,50.05
1969,9,32.17,25.94,39.25
1969,10,58.18,50.37,67.6
1969,11,116.67,107.22,127.28
1969,12,131.78,120.63,142.33
1970,1,92.35,82.88,102.86
1970,2,130.18,120.14,141.08
1970,3,164.64,152.23,176.48
1970,4,314.38,301.29,328.41
1970,5,134.48,122.84,148.09
1970,6,64.05,55.85,73.23
1970,7,70.15,64.18,77.26
1970,8,33.71,27.47,40.07
1970,9,51.81,45.69,58.87
1970,10,116.39,108.22,125.42
1970,11,179.41,169.69,190.21
1970,12,181.07,169.76,191.91
1971,1,125.46,115.63,135.94
1971,2,107.7,97,118.71
1971,3,252.64,239.85,264.56
1971,4,394.11,380.91,408.05
1971,5,237.04,224.73,250.18
1971,6,62.13,54.32,71.29
1971,7,52.32,45.79,59.6
1971,8,39.52,33.28,46.38
1971,9,52.15,45.72,59.46
1971,10,61.26,52.87,70.4
1971,11,72.47,62.58,83.33
1971,12,148.13,137.39,158.95
1972,1,152.19,142.51,162.74
1972,2,92.36,82.05,103.31
1972,3,228.59,215.87,240.32
1972,4,401.53,388.35,415.29
1972,5,282.5,270.67,295.66
1972,6,213.09,204.22,221.97
1972,7,222.77,215.81,229.77
1972,8,84.42,77.82,91.09
1972,9,48.03,41.59,55.22
1972,10,99.12,90.91,108.34
1972,11,238.29,228.38,248.78
1972,12,280.7,269.57,291.51
1973,1,267.9,258.27,278.62
1973,2,189.52,178.81,200.23
1973,3,365.92,353.19,377.67
1973,4,285.27,272.58,299.36
1973,5,175.71,163.74,189.61
1973,6,109.14,101.34,118.52
1973,7,51.08,44.7,58.48
1973,8,37.94,31.81,44.58
1973,9,42.25,36.15,49.39
1973,10,68.26,60.29,77.53
1973,11,130.34,120.49,141.17
1973,12,222.8,211.54,233.05
1974,1,225.84,216.34,235.87
1974,2,158.42,148.58,169.64
1974,3,221.36,208.77,233.45
1974,4,337.83,324.65,351.97
1974,5,249.22,237.22,262.49
1974,6,93.49,85.25,102.76
1974,7,77.43,71.09,84.51
1974,8,52.4,45.75,58.87
1974,9,54.3,47.72,61.44
1974,10,80.15,72.03,89.47
1974,11,157.28,147.65,168.38
1974,12,193.41,182.13,204.06
1975,1,191.45,181.98,201.98
1975,2,167.71,157.21,178.57
1975,3,267.45,254.82,279.09
1975,4,261.71,248.76,275.83
1975,5,149.32,137.22,162.88
1975,6,85.55,77.95,94.9
1975,7,45.39,38.59,52.53
1975,8,32.68,26.62,39.47
1975,9,100.25,93.7,107.34
1975,10,148.72,140.65,157.72
1975,11,143.17,133.56,154.25
1975,12,171.18,160.18,181.52
1976,1,141.8,132.3,152.16
1976,2,289.39,278.63,300.18
1976,3,444.82,432.25,456.19
1976,4,302.81,289.75,316.75
1976,5,260.7,248.92,274.32
1976,6,126.35,118.26,135.53
1976,7,110.18,103.71,117.55
1976,8,87.58,80.72,93.84
1976,9,73,66.41,79.94
1976,10,189.21,181.14,198.29
1976,11,144.04,134.31,155.11
1976,12,123.69,112.82,134.01
1977,1,85.32,75.44,95.86
1977,2,73.35,62.95,84.25
1977,3,403.79,391.21,415.67
1977,4,263.72,251.05,277.47
1977,5,80.77,68.76,93.98
1977,6,43.72,36.04,53.02
1977,7,53.34,47.15,60.87
1977,8,83.19,77.02,89.62
1977,9,158.96,152.17,165.86
1977,10,266.99,258.42,276.28
1977,11,253.07,243.63,263.97
1977,12,318.64,307.64,328.96
1978,1,257.45,247.36,268.12
1978,2,145.59,135.19,156.28
1978,3,230.74,218.07,242.41
1978,4,446.02,433.08,460.11
1978,5,173.28,161.39,186.93
1978,6,61.79,53.71,70.91
1978,7,35.31,28.91,42.42
1978,8,36.76,30.26,43.23
1978,9,56.39,50.08,63.72
1978,10,84.4,76.09,93.53
1978,11,89.11,79.66,100.34
1978,12,122.35,111.08,132.69
1979,1,216.41,206.44,226.75
1979,2,124.18,113.69,135.15
1979,3,447.62,435.18,459.4
1979,4,334.07,321.18,348
1979,5,135.36,123.42,148.9
1979,6,70.56,62.27,80.03
1979,7,37.45,30.97,44.59
1979,8,38.62,32.46,45.13
1979,9,90.67,84.4,98.12
1979,10,125.68,117.62,135.22
1979,11,176.47,166.36,187.39
1979,12,236.1,225.02,246.3
1980,1,153.79,144.6,164.32
1980,2,53.04,42.45,63.95
1980,3,242.67,230.57,254.29
1980,4,309.64,296.53,324.09
1980,5,104.37,92.16,117.79
1980,6,76.91,68.67,86.04
1980,7,67.04,60.71,74.31
1980,8,49.1,42.87,55.6
1980,9,55.56,49.31,62.66
1980,10,112.17,103.79,121.52
1980,11,161.58,152.03,172.6
1980,12,184.14,173.31,194.8
1981,1,83.47,73.69,93.85
1981,2,313.59,303.21,324.79
1981,3,184.23,171.5,196.17
1981,4,134.4,121.3,148.2
1981,5,111.15,99.03,124.66
1981,6,82.07,74.27,91.29
1981,7,66.77,60.06,74
1981,8,83.4,76.41,89.79
1981,9,150.7,144.01,157.41
1981,10,211.17,202.81,220.26
1981,11,245.59,235.94,256.47
1981,12,146.81,135.29,157.27
1982,1,130.92,121.41,141.29
1982,2,89.95,79.63,100.65
1982,3,260.82,248.27,272.87
1982,4,348.31,335.05,362.42
1982,5,100.77,89.16,114.62
1982,6,145.8,137.68,154.78
1982,7,65.39,58.85,72.62
1982,8,40.72,34.53,47.41
1982,9,60.13,54.07,67.07
1982,10,98.35,90.19,107.48
1982,11,192.99,183.18,203.87
1982,12,239.36,228.16,249.59
1983,1,168.13,158.16,178.81
1983,2,139.66,129.11,150.56
1983,3,140.18,127.79,152.18
1983,4,241.85,228.9,256.42
1983,5,286.2,274.24,299.21
1983,6,80.31,71.95,89.58
1983,7,35.7,29.52,42.9
1983,8,40.6,34.31,47.19
1983,9,36.14,30.29,43.23
1983,10,65.45,57.45,74.28
1983,11,139.78,130.04,150.96
1983,12,262.66,251.8,273.25
1984,1,110.47,101.31,121.59
1984,2,285.32,274.75,295.94
1984,3,220.52,208.29,232.8
1984,4,338.83,326.1,352.65
1984,5,231.28,219.25,245.32
1984,6,112.71,104.96,122
1984,7,58.58,52.45,65.86
1984,8,57.7,51.39,64.6
1984,9,75.26,69.13,82.28
1984,10,70.9,62.64,79.98
1984,11,107.57,97.44,118.02
1984,12,191.57,180.58,202.35
1985,1,158.16,128.69,188.08
1985,2,167.28,137.78,198.76
1985,3,346.34,311.49,376.16
1985,4,255.21,226.64,283.81
1985,5,97.49,71.73,124.36
1985,6,64.11,41.38,91.35
1985,7,42.45,23.43,66.6
1985,8,37.15,23.68,54.58
1985,9,54.77,31.05,79.82
1985,10,84.74,55.46,113.81
1985,11,254.22,224.09,285.3
1985,12,158.65,130.02,187.98
1986,1,168.64,140.4,199.33
1986,2,142.75,114.98,172.28
1986,3,303.43,274.81,333.17
1986,4,267.58,238.52,296.8
1986,5,130.82,102.19,159.25
1986,6,122.03,93.16,150.69
1986,7,81.07,54.43,109.01
1986,8,87.59,61.33,115.04
1986,9,129.12,100.03,157.79
1986,10,185.78,155.47,215.77
1986,11,146.88,116.65,176.66
1986,12,238.16,207.16,268.02
1987,1,118.71,90.04,147.54
1987,2,73.77,49.71,101.61
1987,3,240.44,211.56,269.49
1987,4,299.14,268.38,329.74
1987,5,87.34,62.96,113.84
1987,6,72.11,46.22,98.21
1987,7,49.46,28.22,74.74
1987,8,40.33,25.3,59.56
1987,9,67.9,41.78,95.53
1987,10,64.95,39.29,92.91
1987,11,113.37,82.94,143.24
1987,12,196.89,165.99,225.85
1988,1,107.96,79.57,135.08
1988,2,129.08,99.17,158.96
1988,3,185.93,157.79,214.3
1988,4,217.77,188.66,247.97
1988,5,121.9,93.15,150.36
1988,6,42.64,26.11,62.5
1988,7,36.38,20.14,58.73
1988,8,38.91,25.65,56.96
1988,9,40.96,22.95,64.31
1988,10,74.38,47.48,103.23
1988,11,156.04,126.73,185.02
1988,12,97.87,70.39,124.94
1989,1,74.79,50.29,101.74
1989,2,69.44,45.39,94.99
1989,3,164.8,138.14,191.72
1989,4,261.07,233.22,289.42
1989,5,226.43,196.88,257.21
1989,6,139.85,110.7,169.07
1989,7,43.83,24.68,67.19
1989,8,40.54,25.33,59.74
1989,9,58.91,35.37,84.5
1989,10,72.94,44.95,99.95
1989,11,162.04,131.78,191.63
1989,12,98.71,72.56,126.21
1990,1,163.47,134.15,193.55
1990,2,241.8,212.74,269.81
1990,3,292.94,263.63,322.52
1990,4,299.39,269.31,329.36
1990,5,232.67,203.82,263.18
1990,6,85.36,59.84,112.98
1990,7,45.99,26.27,70.6
1990,8,44.55,28.09,66.25
1990,9,36.07,19.7,58.85
1990,10,129.23,99.75,156.8
1990,11,136.75,107.18,164.57
1990,12,245.61,216.35,273.8
1991,1,208.91,179.08,238.95
1991,2,175.48,147.53,203.53
1991,3,329.25,299.44,359.42
1991,4,312.4,280.91,342.24
1991,5,135.92,108.17,166.02
1991,6,45.34,27.44,66.41
1991,7,36.35,20.36,58.1
1991,8,38.33,23.39,56.52
1991,9,35.25,19.04,56.23
1991,10,51.94,29.27,78.55
1991,11,62.2,38.23,89.87
1991,12,123.2,96.14,152.88
1992,1,113.27,86.8,143.08
1992,2,102.86,76.41,131.78
1992,3,236.92,207.53,265.57
1992,4,355.74,326.38,386.6
1992,5,168.51,141.11,196.52
1992,6,74.34,50.17,101.64
1992,7,90.95,64.75,120.65
1992,8,99.09,72.53,128.59
1992,9,106.41,76.87,134.82
1992,10,115.14,87.23,143.82
1992,11,242.35,213.23,272.8
1992,12,210.6,181.67,239.93
1993,1,279.32,250.12,309.69
1993,2,117.61,89.26,146.4
1993,3,200,172.23,228
1993,4,528.97,498.79,561.34
1993,5,194.44,166.5,224.18
1993,6,124.59,96.64,153.42
1993,7,44.78,24.33,69.27
1993,8,39.65,24.91,58.12
1993,9,47.4,26.03,71.41
1993,10,86.89,58.33,116.72
1993,11,139.65,110.55,169.49
1993,12,170.18,140.02,199.75
1994,1,78.16,53.1,105.2
1994,2,112.59,84.71,140.93
1994,3,236.89,207.7,266.53
1994,4,422.09,391.79,452.36
1994,5,176.02,145.53,206.55
1994,6,83.45,58.45,111.48
1994,7,53.16,32.74,79.62
1994,8,54.34,34.3,78.4
1994,9,49.64,28.74,74.66
1994,10,44.31,22.7,70.5
1994,11,114.95,84.71,146.5
1994,12,149.5,120.8,179.69
1995,1,213.66,184.55,244.22
1995,2,110.92,82.99,137.45
1995,3,195.99,168.39,224.24
1995,4,129.25,102.32,155.54
1995,5,91.48,65.61,117.47
1995,6,50.56,31.67,73.93
1995,7,36.7,19.49,56.8
1995,8,36.61,22.95,54.96
1995,9,35.48,19.03,56.41
1995,10,149.52,121.86,179.52
1995,11,224.26,192.57,255.36
1995,12,126.17,98.13,154.24
1996,1,216.89,187.91,248.31
1996,2,232.95,203.26,261.6
1996,3,226.5,196.83,255.97
1996,4,331.23,300.78,360.89
1996,5,331.73,299.74,361.31
1996,6,121.59,93.47,151.58
1996,7,73.76,47.12,100.58
1996,8,43.84,27.31,64.96
1996,9,81.01,53.52,107.45
1996,10,113.84,84.74,142.73
1996,11,229.63,200.66,259.06
1996,12,287.7,256.54,316.61
1997,1,176,146.04,205.61
1997,2,194.78,165.3,224.81
1997,3,314.66,284.39,342.9
1997,4,302.81,272.93,333.19
1997,5,194.56,164.13,224.66
1997,6,80.86,56.18,109.78
1997,7,44.07,23.83,68.6
1997,8,43.64,27.35,63.93
1997,9,45.44,25.64,70.47
1997,10,73.39,44.98,100.89
1997,11,136.26,106.55,165.54
1997,12,145.72,117.51,174.6
1998,1,332.54,301.57,362
1998,2,195.12,167.12,222.29
1998,3,355.37,326.91,385.22
1998,4,240.77,212.61,271
1998,5,109.26,83.89,137.28
1998,6,70.69,46.99,96.4
1998,7,73.1,48.15,100.53
1998,8,47.16,30.2,68.09
1998,9,38.88,21.03,61.53
1998,10,40.59,20.46,65.62
1998,11,47.64,26.95,74.39
1998,12,74.04,50.77,100.2
1999,1,133.43,104.82,162.95
1999,2,172.14,142.26,199.04
1999,3,221.5,192.73,250.9
1999,4,213.49,184.47,242.78
1999,5,82.45,59.02,107.98
1999,6,47.57,28.34,69.79
1999,7,42.17,23.52,64.38
1999,8,35.48,22.23,52.25
1999,9,43.82,24.49,67.01
1999,10,75.4,46.81,102.13
1999,11,105.76,77.83,134.75
1999,12,130.48,102.41,158.67
2000,1,120.34,91.82,149.81
2000,2,124.17,95.89,152.97
2000,3,232.21,204.22,261.28
2000,4,299.98,269.08,330.01
2000,5,258.98,227.09,289.4
2000,6,157.16,127.7,185.33
2000,7,83.01,56.04,111.08
2000,8,62.48,41.32,87.01
2000,9,52.83,30.32,78.49
2000,10,54.55,29.76,82.6
2000,11,81.84,55.88,110.37
2000,12,143.24,113.6,171.74
2001,1,78.12,54.25,106.81
2001,2,162.52,134.86,191.1
2001,3,210.83,182.8,241.31
2001,4,345.68,316.99,375.8
2001,5,114.06,87.12,140.85
2001,6,63.69,41.82,90.99
2001,7,41.22,23.12,65.09
2001,8,36.65,22.54,54.45
2001,9,46.53,26.84,71.1
2001,10,75.1,47.41,104.06
2001,11,71.38,46.67,99.26
2001,12,127.65,98.69,156.35
2002,1,128.44,100.71,156.86
2002,2,172.34,144,200.1
2002,3,238.07,209.1,270.12
2002,4,311.97,281.31,339.66
2002,5,278.44,248.16,308.87
2002,6,163.66,134.3,192.93
2002,7,50.73,28.09,75.54
2002,8,36.23,22.5,53.91
2002,9,38.56,21.17,60.7
2002,10,57.64,32.66,85.27
2002,11,95.56,67.31,123.83
2002,12,141.7,113.08,169.66
2003,1,89.33,62.92,117.06
2003,2,77.83,52.09,104.24
2003,3,300.6,269.74,331.01
2003,4,302.67,273.86,331.78
2003,5,207.81,178.14,236.32
2003,6,125.38,96.67,155.27
2003,7,45.81,25.99,70.04
2003,8,64.04,41.09,89.09
2003,9,42.02,23.18,66.16
2003,10,128.22,97.79,158.01
2003,11,221.87,192.52,252.43
2003,12,269.7,239.94,300.34
2004,1,158.95,130.46,188.83
2004,2,76.84,52.78,103.57
2004,3,307.92,277.68,338.69
2004,4,291.82,262.67,320.65
2004,5,212.67,181.61,242.71
2004,6,100.83,73.13,128.73
2004,7,82.02,53.85,109.02
2004,8,72.34,48.24,98.38
2004,9,192.77,164.15,221.99
2004,10,58.8,33.65,86.15
2004,11,105.45,77.8,134.11
2004,12,248.92,219.51,279.79
2005,1,236.47,206.83,265.79
2005,2,171.99,142.52,199.62
2005,3,176.09,147.76,202.89
2005,4,374.11,342.86,403.36
2005,5,127.62,100.86,155.92
2005,6,52.14,32.41,76.37
2005,7,40.64,22.74,63.88
2005,8,37.97,23.38,56.98
2005,9,83.65,56.62,112.3
2005,10,165.43,136.15,192.55
2005,11,202.91,172.32,231.74
2005,12,206.39,175.97,235.35
2006,1,261.03,230.88,290.66
2006,2,221.13,193.35,251.47
2006,3,220.87,191.79,249.83
2006,4,181.62,155.02,210.09
2006,5,107.71,81.82,134.06
2006,6,84.48,58.12,111.12
2006,7,112.51,82.78,142.68
2006,8,50.05,30.91,72.7
2006,9,77.69,51.24,105.8
2006,10,224.77,194.65,255.3
2006,11,276.38,244.93,306.59
2006,12,260.54,230.09,289.02
2007,1,240.2,208.54,270.31
2007,2,90.22,63.9,116.95
2007,3,303.97,274.76,332.08
2007,4,333.97,304.53,361.99
2007,5,129.01,101.37,156.16
2007,6,51.35,32.32,74.31
2007,7,40.43,22.16,62.5
2007,8,36.92,22.6,54.14
2007,9,33.73,18.12,53.88
2007,10,49.87,28.23,75.74
2007,11,105.81,78.5,135.05
2007,12,189.8,160.29,218.81
2008,1,241.59,211.87,270.04
2008,2,237.31,209.35,267.36
2008,3,280.85,252.22,311.51
2008,4,405.91,375.64,435.96
2008,5,133.73,105.18,162.42
2008,6,72.09,48.81,98.26
2008,7,74.39,48.34,101.71
2008,8,70.24,45.76,96.3
2008,9,48.57,27.23,71.97
2008,10,85.12,56.08,113.53
2008,11,161.03,131.72,190.54
2008,12,269.95,240.32,299.39
2009,1,164.85,135.11,193.69
2009,2,207.28,178.08,236.63
2009,3,305.97,276.95,335.93
2009,4,285.6,255.95,315.67
2009,5,160.68,130.82,190.89
2009,6,88.67,60.8,117.12
2009,7,74.05,46.24,102.71
2009,8,60.9,39.5,85.71
2009,9,38.22,20.98,60.67
2009,10,101.49,73.91,130.39
2009,11,96.03,67.25,125.01
2009,12,169.37,140.58,198.36
2010,1,142.66,113.82,171.61
2010,2,95.32,69.53,122.91
2010,3,270.21,241.86,298.71
2010,4,135.48,108.9,162.63
2010,5,106.14,80.81,134.61
2010,6,100.5,73.44,130.35
2010,7,63.99,39.02,91.55
2010,8,52.49,33.71,76.59
2010,9,56.01,32.79,81.93
2010,10,188.29,158.02,218.09
2010,11,132.76,105.79,163.23
2010,12,214.45,184.74,243.9
2011,1,97.92,70.82,124.74
2011,2,101.91,75.2,128.97
2011,3,421.83,390.23,451.21
2011,4,391.94,362.72,422.53
2011,5,372.14,341.62,400.96
2011,6,104.49,78.47,131.65
2011,7,44.76,25.46,69.75
2011,8,54.27,34.33,76.7
2011,9,69.83,43.23,97.23
2011,10,128.39,98.82,157.95
2011,11,116.05,86.21,144.54
2011,12,206.29,176.55,235.91
2012,1,191.75,162.2,221.51
2012,2,160.78,134.06,189.04
2012,3,192.26,164.56,220.73
2012,4,122.06,96.77,147.85
2012,5,125.07,97.64,152.89
2012,6,51.29,31.5,75.74
2012,7,28.78,15.6,47.74
2012,8,35.69,22.6,52.88
2012,9,44.3,25.23,69.16
2012,10,65.31,38.44,91.33
2012,11,74.47,49.2,103.28
2012,12,143.93,114.89,171.87
2013,1,158.57,130.58,186.22
2013,2,168.62,139.05,198.6
2013,3,180.68,151.94,210.27
2013,4,265.85,235.39,296.8
2013,5,125.43,96.39,152.66
2013,6,178.74,150.49,206.95
2013,7,93.16,63.76,122.98
2013,8,48.65,30.57,71.48
2013,9,50.18,28.52,76.4
2013,10,92.99,65.76,121.21
2013,11,192.16,162.74,222.45
2013,12,225.46,195.6,255.83
2014,1,143.57,114.65,173.11
2014,2,113.42,87.35,141.53
2014,3,172.97,144.58,201.59
2014,4,331.75,301.19,363.89
2014,5,226.38,195.75,256.16
2014,6,84.2,60.36,110.9
2014,7,56.52,33.81,83.31
2014,8,69.31,46.43,97.04
2014,9,45.47,24.93,71.1
2014,10,61.39,35.33,89.37
2014,11,79.26,52,108.13
2014,12,112.28,85.33,140.72
2015,1,97.8,70.68,123.81
2015,2,41.11,24.75,63.29
2015,3,130,103.33,155.79
2015,4,262.9,231.26,294.41
2015,5,143.15,115.65,172.69
2015,6,129.32,100.75,159.41
2015,7,73.95,47.77,101.6
2015,8,41.97,25.48,59.87
2015,9,56.57,32.46,82.66
2015,10,66.98,40.29,95.37
2015,11,114.33,86.12,142.61
2015,12,112.12,85.96,140.72
2016,1,129.72,101.32,158.86
2016,2,189.2,159.04,218.62
2016,3,238.6,209.17,269.81
2016,4,220.37,183.89,258.01
2016,5,132.61,97.37,168.46
2016,6,48.3,29.03,74.94
2016,7,35.47,18.99,59.15
2016,8,43.27,26.5,65.88
2016,9,37.34,20.1,62.31
2016,10,65.75,34.16,99.49
2016,11,79.43,48.08,112.5
2016,12,123.91,91.49,158.15
2017,1,195.22,161.29,232.51
2017,2,146.25,113.3,180.15
2017,3,215.94,180.39,251.79
2017,4,362.58,325.19,400.2
2017,5,361.69,323.32,398.75
2017,6,153.7,115.48,190.05
2017,7,131.62,95.32,166.86
2017,8,64.27,39.47,94.61
2017,9,42.62,21.86,70.12
2017,10,78.54,46.97,113.89
2017,11,250.17,210.47,288.82
2017,12,124.13,91.18,160.07
2018,1,196.57,160.86,233.08
2018,2,197.29,162.26,233.89
2018,3,174.2,139.92,209.71
2018,4,290.78,252.1,328.35
2018,5,311.45,271.7,349.81
2018,6,128.12,90.07,165.07
2018,7,53.5,29.31,83.88
2018,8,53.91,32.97,81.94
2018,9,60.17,33.43,92.02
2018,10,89.19,54.56,124.42
2018,11,195.56,157.83,232.67
2018,12,223.96,187.34,263.99
2019,1,146.28,111.79,183.97
2019,2,176.77,141.63,215.03
2019,3,206.78,171.14,242.96
2019,4,301.55,264.21,339.84
2019,5,346.38,307.31,385.4
2019,6,171.55,132.88,208.67
2019,7,70.6,39.3,109.93
2019,8,44.85,27.67,69.49
2019,9,54.26,28.6,86.36
2019,10,107.12,70.26,143.79
2019,11,181.13,142.92,218.64
2019,12,167.1,126.66,207.83
