Year,Month,Median,2.5 Percentile,97.5 Percentile,NOAA.GLERL.GLM.HMD
1950,1,74.98,61.84,87.85,90.81863714
1950,2,47.21,35.07,58.94,52.98507666
1950,3,34.29,21.92,46.73,40.27356048
1950,4,13.08,4.96,21.08,19.75787053
1950,5,-1.31,-7.62,5.32,-1.825775128
1950,6,-4.11,-9.72,1.43,-4.77592845
1950,7,3.32,-6.71,13.69,3.102589438
1950,8,35.1,22.51,48.41,37.22686542
1950,9,44.01,30,57.03,46.16754685
1950,10,43.9,29.65,58,48.27369676
1950,11,113.7,100.19,126.8,120.9416014
1950,12,103.35,89.16,118,114.0164566
1951,1,53.03,40.98,65.12,58.04492334
1951,2,25.81,14.5,37.11,32.67103918
1951,3,25.09,13.31,37.59,31.92463373
1951,4,-0.08,-7.77,7.68,2.00890971
1951,5,-2.05,-8.54,4.27,-3.815059625
1951,6,-2.16,-7.37,3.31,-3.967444634
1951,7,-2.31,-11.55,6.65,1.968534923
1951,8,24.24,12.68,36.31,30.10109029
1951,9,67.99,56.18,80.65,71.24497445
1951,10,53.59,40.32,67.18,63.45761499
1951,11,106.11,92.65,119.36,123.6197785
1951,12,97.55,83.85,110.61,95.81378194
1952,1,44.6,32.35,56.95,57.05396934
1952,2,33.18,21.44,43.84,38.31642249
1952,3,28.64,17.21,40.84,31.97488927
1952,4,-0.43,-8.23,7.8,6.239369676
1952,5,-1.66,-8.31,4.76,-1.78274276
1952,6,-3.57,-9,1.98,-4.530988075
1952,7,7.95,-1.44,17.77,9.223577513
1952,8,35.84,24.13,47.78,34.47216354
1952,9,69.44,57.13,81.43,71.84752981
1952,10,126.55,113.64,139.94,132.1674957
1952,11,88.05,75.2,101.2,84.28429302
1952,12,83.82,70.94,97.15,83.00221465
1953,1,75.16,63.08,87.33,72.22804089
1953,2,47.68,36.4,58.78,46.21354344
1953,3,28.73,16.81,40.02,29.78451448
1953,4,14.75,6.41,22.02,15.68974446
1953,5,0.56,-5.85,6.66,0.21592845
1953,6,-3.88,-9.31,1.55,0.321601363
1953,7,16.28,7.2,25.56,24.63804089
1953,8,33.29,21.64,45.64,37.94942078
1953,9,89.78,77.92,101.41,92.23591141
1953,10,61.83,49.29,75.19,64.55049404
1953,11,102.29,89.66,114.63,88.56432709
1953,12,126.82,114.31,140.17,121.9294378
1954,1,99.35,86.96,111.35,103.5100681
1954,2,33.14,21.59,44.52,30.99889267
1954,3,56.6,45.36,68.38,57.15945486
1954,4,12.08,4.32,20.02,13.06698467
1954,5,0.79,-5.36,7.12,6.712776831
1954,6,-2.45,-7.83,3.01,-1.767955707
1954,7,7.22,-2.08,16.85,20.3470017
1954,8,43.65,31.91,55.32,54.53892675
1954,9,54.45,42.29,66.34,55.6970017
1954,10,61.29,48.13,74.55,70.90798978
1954,11,82.94,70.33,95.78,85.87206133
1954,12,105.62,92.92,118.48,110.8698296
1955,1,78.74,66.33,90.71,98.02816014
1955,2,42.37,31.19,53.98,44.68279387
1955,3,43.44,32.04,54.94,48.84647359
1955,4,1.6,-5.84,9.31,0.679965928
1955,5,2.04,-4.24,8.54,-1.151056218
1955,6,0.32,-5.03,5.77,4.070732538
1955,7,18.84,9.52,27.97,15.63051107
1955,8,68.28,56.69,80.39,58.60574106
1955,9,85.62,73.55,97.26,87.29236797
1955,10,71.63,58.37,84.25,70.66517888
1955,11,125.56,112.03,138.26,139.8495741
1955,12,123.9,111.56,136.63,131.9501874
1956,1,56.01,44.25,67.5,65.569523
1956,2,36.49,25.62,47.31,42.84507666
1956,3,29.92,18.78,41.54,37.85824532
1956,4,9.12,1.1,16.98,14.68793867
1956,5,-1.45,-7.77,4.88,1.048109029
1956,6,-2.51,-8.01,2.98,-3.617734242
1956,7,8.03,-1.19,17.36,8.352402044
1956,8,23.05,10.98,34.38,27.749046
1956,9,72.12,60.03,84.21,75.08710392
1956,10,41.54,29.2,54.22,50.92562181
1956,11,106.66,94.21,119.88,120.7949915
1956,12,97.04,83.83,110.23,101.6506985
1957,1,92.3,80.4,104.43,83.34333901
1957,2,34.81,24,46.03,28.61850085
1957,3,29.33,17.8,41.04,22.43088586
1957,4,10.75,2.95,18.72,9.409727428
1957,5,-0.98,-7.37,5.18,1.030511073
1957,6,-4.2,-9.63,1.33,-5.473373083
1957,7,1.1,-8.3,10.53,5.352282794
1957,8,49.84,38.22,61.81,49.06645656
1957,9,64.92,52.58,76.95,67.83935264
1957,10,73.34,59.13,86.1,72.86238501
1957,11,102.18,89.11,114.66,103.5826065
1957,12,96.97,83.61,110.19,99.12618399
1958,1,66.71,55.4,78.8,69.01516184
1958,2,54.83,44.16,65.94,57.77606474
1958,3,29.57,17.97,40.52,14.98241908
1958,4,12.34,4.55,19.96,9.801499148
1958,5,5.41,-0.66,11.85,3.825792164
1958,6,0.4,-5.04,5.92,4.197359455
1958,7,6.51,-2.86,15.78,9.265996593
1958,8,47.56,35.96,59.82,51.53478705
1958,9,51.61,39.69,63.62,54.79853492
1958,10,70.33,57.38,83.55,69.87294719
1958,11,128.17,115.28,141.02,113.7520954
1958,12,136.73,123.67,149.52,139.5587905
1959,1,69.5,57.54,81.72,74.22749574
1959,2,32.76,21.39,43.5,33.63807496
1959,3,19.01,7.47,30.55,21.98613288
1959,4,3.95,-3.55,11.72,3.666013629
1959,5,-0.83,-7.36,5.36,-5.02560477
1959,6,-1.6,-7.07,4.01,-5.810221465
1959,7,13.67,4.31,23.32,-1.956712095
1959,8,18.89,7.14,30.65,7.235706985
1959,9,74.26,62.78,86.44,71.49827939
1959,10,79.79,66.83,93.23,85.13916525
1959,11,105.32,91.86,118.64,125.3510051
1959,12,74.23,61.47,88.13,77.17156729
1960,1,62.39,49.93,74.91,61.05321976
1960,2,40,28.9,50.95,46.07480409
1960,3,35.41,23.37,47.04,39.01420784
1960,4,0.95,-6.57,8.68,2.859301533
1960,5,-7.35,-13.55,-1.12,-2.403560477
1960,6,-5.96,-11.19,-0.18,-5.382998296
1960,7,-6.42,-15.43,2.75,1.90846678
1960,8,21.66,9.94,33.39,20.83705281
1960,9,60.1,47.83,72.26,53.75701874
1960,10,78.9,66,91.6,73.69301533
1960,11,88.38,75.64,101.45,92.9437138
1960,12,131.36,118.38,144.35,133.2483986
1961,1,73.02,61.06,84.99,67.19011925
1961,2,30.57,19.9,41.84,21.49063032
1961,3,30.95,19.46,42.82,17.55625213
1961,4,9.19,1.63,17.03,8.37197615
1961,5,1.96,-4.32,8.35,1.949846678
1961,6,-2.78,-8.17,2.69,-0.630391823
1961,7,5.54,-3.52,14.6,3.761192504
1961,8,31.95,20.38,43.55,29.82313458
1961,9,62.4,49.85,74.06,64.46144804
1961,10,57.67,44.68,70.42,65.0211925
1961,11,101.84,88.77,115.06,91.20858603
1961,12,116.12,102.96,129.24,112.0513799
1962,1,77.08,64.82,88.19,84.70437819
1962,2,34.87,23.69,45.95,31.97417376
1962,3,15.94,4.45,27.69,14.18327087
1962,4,8.04,0.3,16.12,8.063151618
1962,5,0.56,-5.85,6.56,-4.118074957
1962,6,-1.79,-7.07,3.59,-4.390425894
1962,7,12.49,3.06,21.77,8.962674617
1962,8,34.88,23.18,46.69,25.06289608
1962,9,76.29,64.16,88.14,74.59243612
1962,10,73.51,60.22,86.6,62.70649063
1962,11,91.79,78.6,104.7,81.15989779
1962,12,125.43,112.55,138.24,116.8381942
1963,1,78.25,66.74,90.11,71.3983816
1963,2,34.34,23.31,45.45,28.94775128
1963,3,9.37,-2.18,20.71,12.13366269
1963,4,8.98,1.16,16.93,4.115110733
1963,5,1.54,-4.96,7.53,-0.66988075
1963,6,-1.34,-6.95,4.13,-4.900647359
1963,7,5.82,-3.29,15.51,0.658449744
1963,8,33.4,21.61,44.95,37.39063032
1963,9,61.13,49.35,73.48,55.10064736
1963,10,43.68,30.69,56.45,41.91597956
1963,11,104.3,91.74,117.12,86.65166951
1963,12,144.44,131.58,158.1,130.2859625
1964,1,71.29,59.53,83.56,59.80713799
1964,2,53.49,42.11,64.53,51.22919932
1964,3,56.93,45.51,68.68,43.22030664
1964,4,11.42,3.42,19.36,11.2925724
1964,5,0.7,-5.77,6.87,-3.175195911
1964,6,-2.25,-7.64,3.31,-0.709727428
1964,7,12.26,2.79,21.25,14.86833049
1964,8,61.23,49.64,73.15,57.69488927
1964,9,72.3,60.32,83.73,66.97011925
1964,10,79.69,66.35,92.24,81.26385009
1964,11,92.31,79.57,105.85,80.63989779
1964,12,114.71,100.86,127.29,112.4397104
1965,1,84.31,72.27,96.3,77.31037479
1965,2,46.67,35.13,57.81,43.26480409
1965,3,32.93,21.12,44.7,31.81666099
1965,4,-0.37,-8.19,7.39,5.3960477
1965,5,-2.88,-9.13,3.28,-3.086865417
1965,6,-1.81,-7.26,3.76,-2.481703578
1965,7,12.7,3.16,22.07,8.253850085
1965,8,41.27,29.96,52.92,34.95015332
1965,9,44.72,31.78,56.57,46.92207836
1965,10,65.08,52.11,78.35,72.71374787
1965,11,81.95,69.27,94.57,79.72664395
1965,12,87.39,74.07,100.57,72.61028961
1966,1,83.76,71.42,95.75,82.88073254
1966,2,34,22.89,45.28,30.0671891
1966,3,25.29,13.82,36.68,22.340477
1966,4,16.57,8.42,24.61,9.119914821
1966,5,4.46,-1.83,10.79,8.672078365
1966,6,-1.18,-6.82,4.26,-1.414241908
1966,7,15.82,6.78,25,17.18911414
1966,8,55.3,43.57,66.8,44.02839864
1966,9,95.21,83.06,106.84,81.91846678
1966,10,85.14,72.47,98.17,86.72335605
1966,11,89.31,75.95,102.66,89.32836457
1966,12,105.97,92.7,119.1,99.35303237
1967,1,67.37,55.64,79.05,65.7644293
1967,2,49.95,38.79,60.8,57.0528109
1967,3,27.79,16.23,39.48,24.87448041
1967,4,3.39,-4.38,10.86,7.770459966
1967,5,0.96,-5.08,7.56,5.061618399
1967,6,-3.17,-8.54,2.27,-3.657410562
1967,7,6.86,-2.33,16.47,4.892214651
1967,8,46.51,34.18,58,40.92763203
1967,9,68.1,56.68,79.58,66.09141397
1967,10,69.13,56.38,82.42,67.63386712
1967,11,107.44,94.3,119.77,93.42199319
1967,12,87.02,73.72,100.29,85.12449744
1968,1,61.24,49.3,73.77,55.9358092
1968,2,53.87,42.94,65.28,51.94746167
1968,3,25.55,13.62,37.2,19.92725724
1968,4,9.15,1.18,17.08,3.66274276
1968,5,1.01,-5.09,7.68,0.755110733
1968,6,-2.81,-8.3,2.65,-1.487768313
1968,7,6.85,-2.61,16.03,10.26841567
1968,8,23.72,11.58,35.45,38.3479046
1968,9,39.05,26.7,51.76,40.36035775
1968,10,73.07,60.58,86.48,80.05155026
1968,11,94.65,80.72,107.51,91.56127768
1968,12,124.72,111.42,138.52,121.661448
1969,1,67.75,55.73,79.7,60.75064736
1969,2,30.18,19.57,41.27,33.53630324
1969,3,38.95,27.13,50.42,36.03584327
1969,4,8.26,0.62,15.99,5.951788756
1969,5,-2.13,-8.3,4.17,1.06592845
1969,6,-2.48,-7.87,3.25,2.338074957
1969,7,-3.28,-12.99,5.96,5.957018739
1969,8,25.4,13.32,37.11,30.42098807
1969,9,87.91,76.24,99.82,75.71962521
1969,10,90.54,77.69,103.28,87.55705281
1969,11,95.48,82.83,108.63,85.85403748
1969,12,117.75,104.25,130.29,107.6226405
1970,1,60.77,48.32,73.13,73.51635434
1970,2,41.46,30.68,52.53,46.24717206
1970,3,29.31,17.83,41.36,28.26272572
1970,4,5.65,-2.27,13.65,9.5560477
1970,5,-3.1,-9.4,3.38,-0.959420784
1970,6,-4.99,-10.66,0.6,-1.177614991
1970,7,2.91,-6.72,12.18,2.438756388
1970,8,41.9,30.43,53.83,35.7520954
1970,9,51.05,38.99,63.75,60.87613288
1970,10,53.19,39.7,66.56,54.0455707
1970,11,100.24,87.07,113.06,100.8042419
1970,12,104.84,91.97,117.97,108.0541567
1971,1,76.24,63.85,88.12,80.50226576
1971,2,28.67,17.04,40.22,32.31350937
1971,3,19.27,7.17,30.48,25.80192504
1971,4,5.35,-2.52,12.95,7.526149915
1971,5,1.2,-5.17,7.23,-0.960272572
1971,6,-2.45,-8.02,2.7,-4.957819421
1971,7,12.01,2.77,21.42,9.998194208
1971,8,35.58,24.31,47.34,27.22255537
1971,9,44.17,31.95,56.04,39.18669506
1971,10,31.76,18.81,44.32,42.62378194
1971,11,110.18,97.36,122.83,104.1757922
1971,12,100.87,87.96,114.04,95.43235094
1972,1,101.25,89.22,113.65,87.85698467
1972,2,40.61,29.45,51.5,39.65352641
1972,3,33.05,21.14,44.64,31.50063032
1972,4,3.23,-4.83,10.73,13.43764906
1972,5,-1.47,-7.53,4.6,-2.014565588
1972,6,-1.4,-6.67,4.02,-0.629965928
1972,7,-3.12,-12.39,6.37,1.555008518
1972,8,12.91,1.07,24.76,23.79877342
1972,9,51.68,39.35,63.68,56.62974446
1972,10,77.52,64.36,90.9,90.20434412
1972,11,71.86,58.54,84.61,71.22052811
1972,12,95.16,81.74,108.93,80.3809029
1973,1,49.1,36.73,60.79,46.7167632
1973,2,39.96,29.09,51.16,34.6062862
1973,3,0.51,-11.8,11.92,6.299045997
1973,4,6.57,-1.22,14.24,6.722879046
1973,5,-3.65,-9.7,2.79,-1.847819421
1973,6,-4.75,-9.88,0.77,-6.187376491
1973,7,9.22,-0.21,18.52,-1.692248722
1973,8,17.28,5.47,28.94,8.683407155
1973,9,77.9,65.9,90.27,59.77279387
1973,10,56.42,43.49,69.41,48.46732538
1973,11,106.37,93.34,119.47,92.01459966
1973,12,111.62,98.92,124.94,108.6526405
1974,1,55.14,43.36,67.65,58.22596252
1974,2,47.33,35.93,58.69,45.81204429
1974,3,38.76,26.61,49.86,31.56417376
1974,4,5.17,-2.64,13.14,6.549352641
1974,5,0,-6.19,6.31,-0.278398637
1974,6,-3.44,-9.15,2.01,-3.830340716
1974,7,3.48,-6.24,12.99,2.071431005
1974,8,38.35,26.72,50.25,22.06574106
1974,9,76.99,64.59,89.11,69.34500852
1974,10,67.57,54.86,80.78,63.89352641
1974,11,87.27,74.2,100.33,72.16982964
1974,12,94.19,81.3,106.91,84.31471891
1975,1,86.99,73.63,98.38,75.50945486
1975,2,34.54,23.27,45.87,39.59712095
1975,3,42.25,30.42,54.26,41.72224872
1975,4,11.24,3.46,18.76,20.4976661
1975,5,-1.78,-8.2,4.72,-3.556269165
1975,6,-2.98,-8.42,2.19,-5.959608177
1975,7,14.39,4.99,23.65,4.580272572
1975,8,49.82,37.64,61.45,26.66211244
1975,9,69.66,57.19,82.15,61.69327087
1975,10,65.55,52.87,78.33,57.44388416
1975,11,74.91,61.8,88.19,68.22051107
1975,12,103.1,89.42,116.61,109.0022828
1976,1,84.29,72.04,95.92,97.95102215
1976,2,31.24,19.74,42.71,30.0034753
1976,3,28.27,16.84,40.05,29.19705281
1976,4,10.04,2.27,17.78,9.97120954
1976,5,1.9,-4.31,8.12,1.696712095
1976,6,-1.48,-6.93,3.87,-1.581993186
1976,7,11.76,2.43,21.06,10.3323339
1976,8,53.07,41.13,64.45,38.91655877
1976,9,84.57,72.78,96.29,69.48168654
1976,10,97.11,84.27,109.96,93.71548552
1976,11,111.02,98.31,124.43,113.1776831
1976,12,141.59,128.97,154.86,115.458569
1977,1,81.94,69.89,93.9,58.37989779
1977,2,24.45,13.85,35.76,21.15083475
1977,3,20.5,9.15,32.23,9.683764906
1977,4,11.74,3.94,19.35,3.943219761
1977,5,3.96,-2.12,10.43,-3.262163543
1977,6,-1.13,-6.54,4.23,-4.963032368
1977,7,9.72,-0.31,19.37,-2.728688245
1977,8,32.5,20.9,44.18,19.80931857
1977,9,32.9,20.57,45.77,26.1467121
1977,10,74.15,61.24,87.13,66.28812606
1977,11,95.08,82.84,108.66,84.18889267
1977,12,104.98,92.33,118.54,110.1550596
1978,1,63.44,50.81,75.45,75.13074957
1978,2,44.12,33.2,55.25,31.56739353
1978,3,28.84,16.91,40.52,17.93018739
1978,4,5.6,-2.24,13.56,5.673935264
1978,5,-2,-8.15,4.31,-4.317632027
1978,6,-2.37,-7.63,3.19,-5.584889267
1978,7,3.42,-6.35,12.61,-3.549403748
1978,8,27.26,15.42,38.91,6.55032368
1978,9,64.53,51.97,77.14,38.52614991
1978,10,71.55,58.47,84.88,67.59264055
1978,11,100.28,87.35,112.78,87.35369676
1978,12,118.74,105.64,132.11,108.1618399
1979,1,69.37,57.12,81.61,67.42623509
1979,2,32.23,21.07,43.28,33.63705281
1979,3,5.42,-6.08,17.06,13.109523
1979,4,4.48,-3.2,12.21,6.375706985
1979,5,-1.58,-7.72,4.9,-3.198977853
1979,6,-3.97,-9.26,1.41,-5.774224872
1979,7,1.84,-7.57,11.14,-5.544701874
1979,8,14.9,2.97,26.46,6.916746167
1979,9,45.6,34.03,57.88,32.02143101
1979,10,80.39,67.73,94.03,67.90175468
1979,11,82.44,70.08,95.38,72.52925043
1979,12,97.36,84.04,111.09,83.45812606
1980,1,74.1,62.06,86.58,71.44965928
1980,2,47.89,36.58,58.94,41.92287905
1980,3,40.95,29.04,51.95,24.97812606
1980,4,6.09,-1.57,14.1,2.225383305
1980,5,-1.56,-7.92,4.55,-2.448977853
1980,6,-2.36,-7.84,3.03,-3.73165247
1980,7,2.31,-7.09,11.67,-3.594327087
1980,8,19.18,7.47,31.28,6.372879046
1980,9,73.09,60.98,84.97,52.74422487
1980,10,82.46,69.65,95.17,89.75197615
1980,11,96.41,82.84,108.88,80.47706985
1980,12,122.32,108.44,136.1,107.9370358
1981,1,54.63,41.78,66.76,49.0925724
1981,2,23.96,12.5,35.58,26.22897785
1981,3,30.97,18.86,42.96,15.88475298
1981,4,11.15,3.29,18.93,4.551345826
1981,5,2.92,-3.15,8.97,0.463458262
1981,6,-2.9,-8.35,2.5,-4.774412266
1981,7,8.41,-1.13,17.82,2.708603066
1981,8,24.54,12.61,36.6,11.33391823
1981,9,67.49,55.6,80.09,61.02870528
1981,10,74.84,61.68,87.97,71.64517888
1981,11,82.83,69.78,96.19,71.14173765
1981,12,107.64,94.74,120.54,98.26160136
1982,1,80.11,68.21,92.7,93.95035775
1982,2,40.21,28.46,50.77,26.73064736
1982,3,18.54,7,30.08,18.91127768
1982,4,5.95,-1.45,13.72,12.39495741
1982,5,-1.09,-7.34,5.08,-4.464139693
1982,6,-2.13,-7.76,3.24,-3.879097104
1982,7,-2.7,-12.46,6.67,-5.164804089
1982,8,29.89,17.87,41.35,19.34252129
1982,9,34.88,22.31,47.06,31.43449744
1982,10,49.52,36.06,62.64,52.05529813
1982,11,92.79,79.6,105.01,79.29800681
1982,12,80.7,67.24,94.67,81.21482112
1983,1,70.52,58.11,82.99,67.4534753
1983,2,38.9,27.69,50.64,33.3132879
1983,3,33.64,21.79,45.11,35.06713799
1983,4,11.18,3.08,19.17,15.32645656
1983,5,-0.63,-6.59,5.68,3.206320273
1983,6,-2.72,-8.21,2.69,-0.405553663
1983,7,8.12,-1.24,17.58,4.717597956
1983,8,32.06,20.06,43.72,24.25015332
1983,9,87.25,74.98,99.05,70.36722317
1983,10,83.13,70.2,96.5,74.10901193
1983,11,101.37,88.83,113.72,102.6803237
1983,12,145.51,132.46,158.38,147.1605111
1984,1,58.69,46.88,71.27,62.21873935
1984,2,23.92,12.86,35.13,20.74635434
1984,3,44.18,32.32,56.01,32.86477002
1984,4,9.52,1.61,17.4,3.221567291
1984,5,-0.87,-7.03,5.47,-0.461107325
1984,6,-5.05,-10.27,0.51,-5.750477002
1984,7,4.75,-4.83,14.33,0.50032368
1984,8,31.53,19.66,43.34,16.04088586
1984,9,70.98,58.65,83.17,58.36763203
1984,10,50.52,37.3,63.08,44.23374787
1984,11,103.54,90.17,116.82,84.39768313
1984,12,96.18,83.27,109.79,101.7803237
1985,1,84.17,72.26,96.4,86.8111925
1985,2,30.61,19.02,41.98,33.86582624
1985,3,13.61,2.32,25.25,19.9467121
1985,4,0.26,-7.41,7.93,5.44407155
1985,5,-0.23,-6.65,6,-2.693202726
1985,6,-0.15,-5.32,5.52,-0.635775128
1985,7,12.91,3.39,22.56,5.703424191
1985,8,30.23,18.3,41.94,21.14732538
1985,9,52.25,40.05,64.5,44.68705281
1985,10,70.95,57.5,85.05,59.07074957
1985,11,111.07,97.44,123.93,96.68991482
1985,12,136.73,123.81,149.61,129.9279216
1986,1,63.6,50.96,76.01,61.73206133
1986,2,41.32,30.03,52.43,37.04383305
1986,3,20.97,9.19,32.78,18.33647359
1986,4,10.81,3.16,18.63,3.996269165
1986,5,-0.32,-6.7,5.68,-1.649914821
1986,6,-2.99,-8.27,2.52,-3.356746167
1986,7,-4.35,-13.83,5.68,-2.400017036
1986,8,48.61,36.79,60.41,35.28916525
1986,9,48.1,36.26,60.66,34.5920954
1986,10,56.44,43.04,69.35,58.38458262
1986,11,127.84,114.71,140.99,113.9363714
1986,12,106.28,93.37,119.91,89.61078365
1987,1,73.33,61.07,85.08,64.93229983
1987,2,36.71,25.69,48.42,35.93800681
1987,3,41.46,29.43,53.69,31.44678024
1987,4,11.46,3.38,19.47,8.185979557
1987,5,1.51,-4.65,7.96,-1.010715503
1987,6,-1.21,-6.46,4.15,0.408483816
1987,7,17.21,8.13,26.56,8.601192504
1987,8,55.82,43.9,67.69,43.30710392
1987,9,56.99,44.48,68.98,42.47732538
1987,10,114.09,101.06,127.2,102.5583305
1987,11,98.37,85.48,111.39,87.06042589
1987,12,98.86,85.47,112.74,102.386201
1988,1,87.67,75.69,99.75,97.05431005
1988,2,50.39,39.17,62.28,58.05141397
1988,3,43.89,31.87,54.96,24.44170358
1988,4,10.33,2.54,18.18,9.614463373
1988,5,2.58,-3.73,8.92,-1.322589438
1988,6,2.51,-2.87,7.79,0.674224872
1988,7,13.45,4.06,22.78,1.885008518
1988,8,49.04,37.37,60.93,33.28688245
1988,9,72.42,60.12,84.86,52.53318569
1988,10,122.86,109.7,136.91,107.5551959
1988,11,92.46,79.13,105.56,72.4153322
1988,12,129.75,116.65,142.88,121.8861329
1989,1,75.36,62.9,87.27,61.69010221
1989,2,66.28,54.66,77.33,60.89296422
1989,3,32.18,20.67,44.24,31.93061329
1989,4,8.59,0.77,16.08,8.901873935
1989,5,1.47,-4.73,7.54,-0.140851789
1989,6,-3.92,-9.43,1.39,-3.923424191
1989,7,4.59,-5.02,14.18,-0.227546848
1989,8,38.14,26.69,50.07,18.14017036
1989,9,78.23,66.35,90.42,60.70369676
1989,10,71.05,57.41,83.67,73.71040886
1989,11,128.54,115.54,141.98,112.9347359
1989,12,128.53,115.32,141.64,109.7291141
1990,1,41.22,29.3,53.35,31.78597956
1990,2,37.67,26.48,49.69,40.13057922
1990,3,28.18,16.63,40.46,26.06499148
1990,4,12.92,5.07,20.87,12.09655877
1990,5,-0.59,-6.89,6,-0.920545145
1990,6,-4.03,-9.29,1.47,-5.14693356
1990,7,-0.78,-10.48,8.92,-0.008040886
1990,8,16.64,5.36,28.62,13.6555707
1990,9,62.77,50.91,75.07,60.1553833
1990,10,85.89,73.14,98.54,73.16132879
1990,11,92.27,79.22,105.36,83.83190801
1990,12,111,97.79,124.08,113.3052641
1991,1,84.42,72.17,96.01,85.04345826
1991,2,36.52,25.41,47.51,33.67206133
1991,3,23.68,12.04,35.05,24.01879046
1991,4,3.32,-4.84,11.29,5.645502555
1991,5,-3.36,-9.39,2.92,-3.401925043
1991,6,-1.26,-6.82,4.07,-3.470391823
1991,7,21.12,12.35,30.51,9.332879046
1991,8,45.12,33.87,56.96,26.11816014
1991,9,105.05,93.04,116.66,87.43867121
1991,10,73.15,60.4,85.71,67.47926746
1991,11,120.31,107.41,133.35,111.2821806
1991,12,100.71,87.67,113.28,97.16207836
1992,1,60.3,48.28,73.02,63.44674617
1992,2,34.3,23.21,44.94,37.23229983
1992,3,40.19,28.42,51.93,37.33908007
1992,4,10.97,3.12,18.97,14.13248722
1992,5,4.17,-2.5,10.59,1.76649063
1992,6,0.57,-4.8,5.93,4.523816014
1992,7,7.44,-2.31,16.95,7.281465077
1992,8,25.39,13.19,37.16,29.1083816
1992,9,48.25,36.49,60.52,48.20487223
1992,10,61.61,48.71,74.61,71.21540034
1992,11,82.15,69.35,95.54,78.12223169
1992,12,107.88,94.89,120.96,99.35991482
1993,1,73.15,61.02,85.03,70.2427598
1993,2,50.33,39.4,60.97,57.73623509
1993,3,33.9,22.45,45.52,28.11001704
1993,4,4.09,-3.26,11.89,9.087223169
1993,5,-2.16,-8.41,4.16,-2.465434412
1993,6,-6.2,-11.85,-0.83,-4.407291312
1993,7,-0.57,-10.04,8.56,-1.538057922
1993,8,25.01,12.83,36.74,13.81798978
1993,9,83.94,72.41,96.09,74.09696763
1993,10,91.56,78.49,104.18,83.40737649
1993,11,96.54,83.11,109.75,89.65868825
1993,12,98.77,85.89,111.72,93.8928109
1994,1,85.19,73.22,97.29,80.15052811
1994,2,31.69,20.28,42.81,31.8397615
1994,3,14.78,2.96,26.05,15.48943782
1994,4,10.53,3.17,18.24,6.233764906
1994,5,1.64,-4.46,8.12,-1.501175468
1994,6,-1.96,-7.41,3.45,-4.713168654
1994,7,-1.35,-10.57,8.2,-4.333645656
1994,8,34.39,22.25,46.09,15.73008518
1994,9,43.65,31.8,55.55,30.32841567
1994,10,69.59,56.83,82.52,61.53141397
1994,11,113.65,100.85,126.66,92.71770017
1994,12,89.63,76.4,102.98,70.68567291
1995,1,79.69,67.61,91.88,79.74015332
1995,2,73.11,62.2,84.51,62.32229983
1995,3,30.55,18.44,42.27,21.78449744
1995,4,16,7.98,23.68,20.38536627
1995,5,-3.1,-9.41,3.35,-0.932248722
1995,6,-2.26,-7.45,3.26,-2.263764906
1995,7,7.87,-1.14,17.44,5.814020443
1995,8,31.57,19.97,43.52,21.76155026
1995,9,89.1,77.21,101.15,80.40667802
1995,10,81.26,68.58,94.37,72.36688245
1995,11,129.73,116.6,142.19,138.6869506
1995,12,124.45,111.49,138.07,116.3433901
1996,1,54.92,42.41,67.17,62.06303237
1996,2,30.46,19.12,41.78,33.18565588
1996,3,46.29,34.87,57.64,32.49367973
1996,4,0.08,-7.87,7.78,10.90253833
1996,5,-2.41,-8.44,3.9,0.622214651
1996,6,-4.56,-10.18,0.81,-5.675758092
1996,7,4.48,-4.88,13.92,-3.177563884
1996,8,16.28,4.38,28.49,5.425229983
1996,9,50.4,37.54,62.29,48.26725724
1996,10,65.76,52.34,78.03,69.98942078
1996,11,108.43,95.74,120.6,97.62102215
1996,12,80.9,67.31,93.93,75.30764906
1997,1,78.67,66.54,90.91,70.26689949
1997,2,26.7,15.4,38.06,30.0232879
1997,3,33,21.06,44.56,26.14720613
1997,4,10.03,1.69,17.82,11.70657581
1997,5,3.93,-2.38,10,1.257751278
1997,6,-3.42,-9.07,1.82,-4.534855196
1997,7,2.07,-7.59,11.46,1.566303237
1997,8,42.67,30.95,54.27,24.71488927
1997,9,59.6,47.59,71.5,42.47911414
1997,10,88.02,74.71,100.27,77.00064736
1997,11,103.04,89.95,116.31,83.09035775
1997,12,81.11,68.4,93.57,74.74528109
1998,1,67.1,54.37,79.01,61.09616695
1998,2,33.8,22.71,45.13,18.13744463
1998,3,25.2,13.04,36.75,38.17756388
1998,4,9.49,1.75,17.24,7.568620102
1998,5,1.43,-4.8,7.43,-0.600374787
1998,6,2.97,-2.21,8.17,8.722691652
1998,7,33.7,24.04,43.03,27.2462862
1998,8,48.64,36.78,60.19,34.6046678
1998,9,86.31,73.73,97.98,58.95018739
1998,10,97,84.07,109.43,75.33100511
1998,11,111.34,98.66,124.2,95.57787053
1998,12,132.91,120.44,146.46,116.394753
1999,1,95.81,83.24,107.74,104.299046
1999,2,49.53,37.91,61.18,41.09240204
1999,3,49.83,38.31,61.54,41.1134753
1999,4,13.28,5.25,21.06,7.187649063
1999,5,3.41,-3.01,9.62,2.645264055
1999,6,0.48,-4.89,5.75,7.165195911
1999,7,9.96,0.27,19.21,7.760562181
1999,8,71.86,60.35,83.52,52.36608177
1999,9,80.17,68.52,91.91,66.41112436
1999,10,106.18,93.28,119.09,86.37206133
1999,11,94.82,82.25,108.26,80.82896082
1999,12,125.71,112.76,139.01,115.158109
2000,1,104.12,92.13,116.54,99.84511073
2000,2,44.22,32.81,55.5,38.70681431
2000,3,36.67,25.52,48.47,22.67712095
2000,4,12.92,5.57,20.54,16.82289608
2000,5,1.26,-5.13,7.18,3.530647359
2000,6,-2.14,-7.43,3.52,5.355672913
2000,7,18.7,9.32,28.39,22.71212947
2000,8,39.5,27.83,51.39,33.78081772
2000,9,90.14,78.1,102.91,77.12109029
2000,10,68.68,55.92,81.31,55.63884157
2000,11,121.27,108.33,134.13,98.3786201
2000,12,136.54,123.86,149.68,140.3638671
2001,1,54.09,42.29,65.76,59.77177172
2001,2,42.74,31.34,53.64,50.63483816
2001,3,37.62,25.38,48.83,32.73369676
2001,4,7.96,0.29,15.6,3.990834753
2001,5,1.64,-4.41,7.84,-2.148313458
2001,6,0.93,-4.51,6.3,-1.076950596
2001,7,20.32,10.94,29.74,19.68160136
2001,8,43.54,31.81,55.12,30.98105622
2001,9,72.43,60.51,84.32,64.64846678
2001,10,76,62.65,88.71,84.60943782
2001,11,74.01,61.11,87.32,50.2132368
2001,12,116.23,103.12,129.57,93.36770017
2002,1,90.23,78.11,102.44,84.56136286
2002,2,59.33,47.82,70.75,62.74120954
2002,3,53.47,41.94,64.78,52.50713799
2002,4,11.87,4.5,19.52,16.14391823
2002,5,5.34,-0.74,11.5,11.19105622
2002,6,-3.47,-9.06,1.79,-0.268875639
2002,7,11.65,2.45,21.11,13.15960818
2002,8,50.13,38.31,61.8,40.01780239
2002,9,72,60.37,84.05,54.1453322
2002,10,137.13,124.75,150,109.1489097
2002,11,116.14,103.24,129.26,98.86367973
2002,12,118.3,105.32,131.21,121.3962692
2003,1,107.51,95.09,119.19,84.22100511
2003,2,54.31,43.24,65.91,31.00947189
2003,3,27.56,15.53,39.48,15.24097104
2003,4,10.23,2.28,17.75,8.940017036
2003,5,0.47,-5.95,6.83,-2.600068143
2003,6,-2.76,-7.92,2.77,-3.048432709
2003,7,7.55,-1.25,17.19,1.924991482
2003,8,40.25,28.18,51.96,20.46831346
2003,9,94.02,82.17,106.4,69.59521295
2003,10,71.12,57.86,84.17,69.67902896
2003,11,84.16,71.56,97.15,78.51151618
2003,12,97.43,84.33,110.01,85.7588075
2004,1,104.05,92.1,116.2,98.68378194
2004,2,40.51,29.47,51.61,28.9207155
2004,3,32.84,21.46,44.57,18.33064736
2004,4,7.06,-0.6,14.74,10.39998296
2004,5,-2.71,-8.76,3.23,-1.093798978
2004,6,-0.96,-6.41,4.51,5.106098807
2004,7,10.08,0.91,19.7,12.83577513
2004,8,46.88,35.36,58.94,49.29439523
2004,9,45.59,33.3,58.02,44.49855196
2004,10,91.82,79.39,105.24,77.54781942
2004,11,106.57,94.01,119.25,76.37594549
2004,12,130.43,117.91,143.45,117.0242419
2005,1,85.24,73.4,96.81,84.58586031
2005,2,34.2,23.52,45.79,29.64836457
2005,3,37.81,26.06,48.91,30.5823339
2005,4,9.56,1.9,17.08,7.161294719
2005,5,3.95,-2.19,10.35,2.388296422
2005,6,-0.3,-5.71,5.2,-2.619761499
2005,7,29.12,19.8,38.32,19.05797274
2005,8,51.82,40.14,63.66,38.68901193
2005,9,74.35,62.59,86.11,56.59778535
2005,10,88.92,76.25,101.87,73.16546848
2005,11,126.04,113.13,139.03,101.1236627
2005,12,132.33,120.16,145.83,110.2697956
2006,1,59.08,47.27,70.93,53.40744463
2006,2,66.54,55.73,77.83,59.47473595
2006,3,48.12,36.39,59.38,30.32502555
2006,4,13,5.26,20.61,6.864974446
2006,5,4.03,-2.03,10.4,1.369471891
2006,6,1.43,-3.79,6.92,5.653969336
2006,7,12.79,3.36,22.18,9.668381601
2006,8,72.59,60.85,83.77,47.65747871
2006,9,88.46,76.35,100.61,63.99166951
2006,10,100.91,87.15,113.89,94.49182283
2006,11,66.92,54.01,80.27,61.78698467
2006,12,93.47,80.66,106.68,79.63732538
2007,1,95.52,83.88,107.28,87.35591141
2007,2,78.37,67.55,89.37,66.98737649
2007,3,40.09,28.91,51.48,23.05894378
2007,4,16.95,9.02,24.33,17.78349233
2007,5,2.45,-3.52,8.82,1.706183986
2007,6,3.07,-2.38,8.3,4.076848382
2007,7,21.57,12.29,30.51,21.65591141
2007,8,49.97,38.35,61.7,43.06316865
2007,9,66.85,54.69,78.69,56.64500852
2007,10,70.19,57.41,83.26,53.33981261
2007,11,145.21,132.57,157.9,115.9811755
2007,12,126.06,112.77,138.89,97.65425894
2008,1,73.93,62.16,85.8,71.30293015
2008,2,46.46,35.51,57.53,39.9402385
2008,3,39.07,27.98,50.49,25.15809199
2008,4,4.82,-2.87,12.43,7.554633731
2008,5,1.49,-4.71,7.75,1.354173765
2008,6,-4.74,-9.96,0.48,-2.499250426
2008,7,8.93,-0.22,18.37,4.067614991
2008,8,52.22,41.02,64.1,26.42519591
2008,9,68.06,56.51,80.67,43.06816014
2008,10,106.65,93.92,119.26,81.28526405
2008,11,111.86,99.12,124.38,81.60146508
2008,12,113.49,100.29,126.01,100.5906303
2009,1,69.7,57.67,81.29,55.59344123
2009,2,24.05,12.21,34.52,23.5467121
2009,3,17.58,6.27,28.72,17.08357751
2009,4,7.31,-0.06,15.03,9.359369676
2009,5,-0.11,-6.57,6.06,1.636132879
2009,6,-2.76,-7.82,2.85,-1.694770017
2009,7,12.49,3.42,21.68,5.960664395
2009,8,38.15,26.32,49.81,19.88807496
2009,9,55.32,43.38,66.87,34.30534923
2009,10,78.7,65.96,91.94,65.99296422
2009,11,72.26,60.35,84.56,43.83211244
2009,12,143.72,130.9,156.57,88.65739353
2010,1,82.77,70.86,94.43,57.24413969
2010,2,38.41,27.53,49.16,22.09098807
2010,3,30.94,19.44,41.71,14.22768313
2010,4,12.97,5.51,20.81,5.575093697
2010,5,3.29,-2.82,9.71,0.858432709
2010,6,0.79,-4.53,6.34,0.226269165
2010,7,12.26,3.03,21.15,4.320681431
2010,8,41.8,30.37,53.31,25.36124361
2010,9,83.78,71.55,95.24,60.22836457
2010,10,94.79,81.52,106.8,66.96480409
2010,11,109.61,97.09,122.24,81.24906303
2010,12,130.45,117.97,143.3,94.46775128
2011,1,83.54,71.72,95.42,58.85132879
2011,2,45.23,34.39,56.25,27.92151618
2011,3,28.18,16.64,39.63,19.439046
2011,4,-0.59,-8.43,6.75,11.94890971
2011,5,-4.43,-10.57,1.87,1.70923339
2011,6,-3.48,-8.84,1.92,3.025195911
2011,7,4.92,-4.17,14.21,7.61439523
2011,8,52.65,41.2,64.21,51.00182283
2011,9,73.28,61.48,84.8,67.63201022
2011,10,56.8,44.07,69.46,69.82410562
2011,11,93.85,81.09,106.2,84.74218058
2011,12,101.25,88.85,114.28,87.13308348
2012,1,75.66,63.48,87.66,71.40424191
2012,2,45.32,33.64,56.14,38.79444634
2012,3,25.42,14.35,36.38,19.24081772
2012,4,25.05,17.52,32.64,27.24044293
2012,5,6.75,0.18,12.81,11.57064736
2012,6,1.69,-3.87,6.84,17.17194208
2012,7,29.98,20.78,39.32,46.09686542
2012,8,81.65,70,93.22,69.39301533
2012,9,109.58,97.74,121.3,90.05599659
2012,10,109.47,96.73,122.69,91.51613288
2012,11,92.61,79.75,105,88.379523
2012,12,85.2,72.37,97.79,82.93659284
2013,1,81.29,68.85,92.91,91.61601363
2013,2,38.92,28.21,49.48,49.34350937
2013,3,33.99,22.12,44.84,37.5702385
2013,4,3.82,-3.81,11.37,20.70642249
2013,5,0.49,-5.79,6.75,5.869335605
2013,6,-1.08,-6.52,4.28,7.496797274
2013,7,14.94,5.53,24.19,32.84679727
2013,8,33.04,21.8,44.5,36.14369676
2013,9,71.6,60.06,83.95,73.73516184
2013,10,78.33,65.37,90.87,83.00846678
2013,11,115.51,103.23,128.52,119.4245486
2013,12,118.69,105.72,131.06,119.719063
2014,1,72.93,61.07,85.27,80.0311414
2014,2,33.68,23.22,44.49,35.18890971
2014,3,12.71,1.37,24.68,23.94788756
2014,4,-4.81,-12.65,2.86,6.103594549
2014,5,-9.11,-15.37,-2.61,-2.184531516
2014,6,-6.51,-11.7,-0.93,-4.382691652
2014,7,11.72,2.31,20.63,6.991294719
2014,8,11.78,-0.12,24.03,21.76367973
2014,9,45.29,32.9,57.48,57.0988586
2014,10,50.15,37.37,63.05,68.62315162
2014,11,107.01,93.93,119.08,99.10207836
2014,12,78.21,65.26,90.92,83.90149915
2015,1,72.88,60.92,84.56,73.05744463
2015,2,46.05,34.86,57.63,47.21616695
2015,3,27.59,16.87,38.94,20.74618399
2015,4,8.5,0.65,16.2,5.79076661
2015,5,-0.57,-6.96,5.42,-2.317444634
2015,6,-4.38,-9.8,1.03,-0.98274276
2015,7,-0.71,-10.05,8.43,16.81826235
2015,8,27.6,16.13,39.52,52.01463373
2015,9,52.14,41.33,64.04,50.96623509
2015,10,71.55,58.63,83.99,94.07289608
2015,11,87.49,74.89,101.02,73.49170358
2015,12,79.27,66.67,92.79,73.29626917
2016,1,75.22,62.68,87.42,102.8792845
2016,2,35.76,23.79,47,55.9174276
2016,3,9.92,-2.48,21.81,23.4679046
2016,4,13.74,5.62,21.33,
2016,5,5.06,-1.49,11.17,
2016,6,2.34,-3.04,7.53,
2016,7,15.46,6.96,24.51,
2016,8,48.9,38.46,59.78,
2016,9,80.07,69.63,91.22,
2016,10,78.97,66.96,91.01,
2016,11,86.6,75.15,98.13,
2016,12,145.18,133.79,157.35,
2017,1,67.32,56.3,77.81,
2017,2,32.09,22.06,42.31,
2017,3,38.53,28.22,48.8,
2017,4,0.77,-6.63,8.16,
2017,5,-0.76,-6.81,5.53,
2017,6,-2.91,-8.11,2.29,
2017,7,6.38,-1.93,14.75,
2017,8,44.81,34.59,55.56,
2017,9,49.58,38.52,60.96,
2017,10,78.16,66.63,89.96,
2017,11,116.22,105.04,127.79,
2017,12,130.22,118.35,141.51,
2018,1,64.51,55.5,73.84,
2018,2,28.22,19.58,36.93,
2018,3,38.03,29.7,46.47,
2018,4,16.97,10.35,23.59,
2018,5,-3.19,-8.77,2.43,
2018,6,-1.7,-6.61,3.23,
2018,7,14.36,7,22.01,
2018,8,38.25,29.2,47.44,
2018,9,68.77,59.41,78.05,
2018,10,81.42,71.08,91.23,
2018,11,97.71,88.07,107.29,
2018,12,68.37,58.62,78.54,
2019,1,82.24,73.09,91.11,
2019,2,30.76,22.21,39.17,
2019,3,15.89,7,24.56,
2019,4,-5.21,-11.56,1.17,
2019,5,-7.71,-13.22,-2.15,
2019,6,-4.83,-9.85,-0.05,
2019,7,5.6,-2.55,12.93,
2019,8,50.15,41.23,59.39,
2019,9,35.2,24.9,44.97,
2019,10,77.41,67.43,86.98,
2019,11,96.25,86,106.34,
2019,12,72.17,62.3,81.43,
2020,1,47.43,37.85,56.14,
2020,2,47.72,38.85,56.12,
2020,3,16.42,7.31,25.25,
2020,4,14.31,7.92,20.84,
2020,5,3.83,-1.65,9.42,
2020,6,0.09,-5.07,4.99,
2020,7,15.3,8.07,22.85,
2020,8,43.93,34.76,53.69,
2020,9,74.68,64.92,83.89,
2020,10,93.33,83.34,103.25,
2020,11,76.64,67.46,86.81,
2020,12,93.13,83.04,102.99,
2021,1,64.77,55.3,74.82,
2021,2,50.12,41.11,58.69,
2021,3,30.16,21,38.81,
2021,4,10.62,4.24,17.07,
2021,5,4.06,-1.68,9.62,
2021,6,-2.96,-8.05,1.8,
2021,7,7.95,-0.66,16.52,
2021,8,29.05,18.63,39.4,
2021,9,82.77,71.7,93.4,
2021,10,48.96,37.44,60.01,
2021,11,124.51,112.71,136.29,
2021,12,101.95,91.16,113.06,