Year,Month,Median,2.5 Percentile,97.5 Percentile,,
1950,1,85.96,74.68,97.3,13.12%,13.19%
1950,2,28.39,18.1,38.03,36.25%,33.96%
1950,3,47.68,36.41,58.97,23.64%,23.68%
1950,4,66.02,53.75,78.59,18.59%,19.04%
1950,5,92.49,80.84,103.32,12.60%,11.71%
1950,6,99.39,87.31,110.94,12.15%,11.62%
1950,7,89.44,77.95,101.33,12.85%,13.29%
1950,8,71.65,59.65,83.91,16.75%,17.11%
1950,9,60.72,49.11,72.51,19.12%,19.42%
1950,10,87.83,75.85,99.46,13.64%,13.24%
1950,11,101.67,89.78,113.27,11.69%,11.41%
1950,12,47.33,36.07,58.32,23.79%,23.22%
1951,1,27.3,18.3,36.86,32.97%,35.02%
1951,2,62.72,52.61,73.17,16.12%,16.66%
1951,3,74.95,64.06,86.07,14.53%,14.84%
1951,4,52.53,40.61,64.76,22.69%,23.28%
1951,5,52.45,41.68,63.27,20.53%,20.63%
1951,6,100.46,88.3,112.37,12.10%,11.86%
1951,7,54.82,43.26,66.03,21.09%,20.45%
1951,8,104.82,93.06,117.1,11.22%,11.72%
1951,9,129.31,117.27,140.98,9.31%,9.02%
1951,10,92.79,81.27,104.55,12.42%,12.67%
1951,11,60.19,49.52,71.56,17.73%,18.89%
1951,12,48.08,36.93,59.57,23.19%,23.90%
1952,1,46.52,36.59,56.83,21.35%,22.16%
1952,2,13.22,6.32,21.06,52.19%,59.30%
1952,3,38.6,27.46,49.3,28.86%,27.72%
1952,4,37,25.83,47.83,30.19%,29.27%
1952,5,47.95,37.42,58.46,21.96%,21.92%
1952,6,103.15,91.59,114.77,11.21%,11.27%
1952,7,137.18,125.36,149.6,8.62%,9.05%
1952,8,74.02,62.67,86.3,15.33%,16.59%
1952,9,39.08,28.68,51.02,26.61%,30.55%
1952,10,33.89,23.18,44.64,31.60%,31.72%
1952,11,54.73,44.35,66.02,18.97%,20.63%
1952,12,30.84,20.84,41.81,32.43%,35.57%
1953,1,51.18,41.07,62.33,19.75%,21.79%
1953,2,46.98,36.93,57.13,21.39%,21.60%
1953,3,49.94,39.3,60.67,21.31%,21.49%
1953,4,49.84,38.38,61.57,22.99%,23.54%
1953,5,112.19,100.87,123.84,10.09%,10.38%
1953,6,101.63,90.57,112.96,10.88%,11.15%
1953,7,87.18,75.4,98.86,13.51%,13.40%
1953,8,77.61,66.28,89.43,14.60%,15.23%
1953,9,75.59,64.62,87.89,14.51%,16.27%
1953,10,38.45,27.77,49.6,27.78%,29.00%
1953,11,50.13,39.72,60.9,20.77%,21.48%
1953,12,66.17,54.98,77.71,16.91%,17.44%
1954,1,61.58,51.31,72.67,16.68%,18.01%
1954,2,31.98,22.4,41.77,29.96%,30.61%
1954,3,44.2,33.4,55.08,24.43%,24.62%
1954,4,81.5,69.76,93.35,14.40%,14.54%
1954,5,101.06,89.92,112.32,11.02%,11.14%
1954,6,74.48,63.16,86.81,15.20%,16.55%
1954,7,37.98,27.07,49.18,28.73%,29.49%
1954,8,44.3,33.02,55.96,25.46%,26.32%
1954,9,87.51,75.3,99.04,13.95%,13.18%
1954,10,74.09,62.48,85.75,15.67%,15.74%
1954,11,38.55,28.3,49.44,26.59%,28.25%
1954,12,19.23,10.72,29,44.25%,50.81%
1955,1,40.12,30.39,50.47,24.25%,25.80%
1955,2,43.6,33.76,54.34,22.57%,24.63%
1955,3,76.53,65.84,87.25,13.97%,14.01%
1955,4,41.76,31.02,53.52,25.72%,28.16%
1955,5,69.1,58.17,81.06,15.82%,17.31%
1955,6,41.79,30.73,52.89,26.47%,26.56%
1955,7,83.14,71.28,95.09,14.27%,14.37%
1955,8,82.56,71.01,94.22,13.99%,14.12%
1955,9,90.12,78.52,102.27,12.87%,13.48%
1955,10,105.69,93.98,117.93,11.08%,11.58%
1955,11,95.43,84.31,106.56,11.65%,11.66%
1955,12,55.1,43.6,66.73,20.87%,21.11%
1956,1,40.4,30.47,51.01,24.58%,26.26%
1956,2,15.62,7.52,24.43,51.86%,56.40%
1956,3,16.15,8.03,25.55,50.28%,58.20%
1956,4,30.74,19.54,41.7,36.43%,35.65%
1956,5,89.87,78.74,101.1,12.38%,12.50%
1956,6,61.28,49.18,72.22,19.75%,17.85%
1956,7,78.92,66.84,90.76,15.31%,15.00%
1956,8,65.77,53.99,77.14,17.91%,17.29%
1956,9,69.81,57.87,82.52,17.10%,18.21%
1956,10,44.58,34.36,55.99,22.93%,25.59%
1956,11,63.81,53.01,74.55,16.93%,16.83%
1956,12,59.09,48.23,69.89,18.38%,18.28%
1957,1,24.25,16,33.74,34.02%,39.13%
1957,2,25.54,16.06,35.08,37.12%,37.35%
1957,3,34.94,24.54,45.67,29.77%,30.71%
1957,4,54.52,43.24,66.33,20.69%,21.66%
1957,5,49.57,39.35,60.38,20.62%,21.81%
1957,6,87.94,76.53,99.48,12.97%,13.12%
1957,7,55.74,44.99,67.35,19.29%,20.83%
1957,8,34.22,23.45,45.18,31.47%,32.03%
1957,9,100.92,88.82,113.5,11.99%,12.47%
1957,10,42.51,31.36,53.83,26.23%,26.63%
1957,11,90.41,79.52,101.77,12.05%,12.56%
1957,12,34.86,24.54,45.73,29.60%,31.18%
1958,1,38.4,28.61,48.28,25.49%,25.73%
1958,2,18.2,9.97,27.74,45.22%,52.42%
1958,3,12.83,5.84,21.92,54.48%,70.85%
1958,4,25.75,14.42,36.66,44.00%,42.37%
1958,5,46.38,35.67,57.49,23.09%,23.95%
1958,6,83.98,72.53,95.64,13.63%,13.88%
1958,7,91.29,80.08,103.97,12.28%,13.89%
1958,8,92.51,81,103.84,12.44%,12.25%
1958,9,82.68,70.76,95.01,14.42%,14.91%
1958,10,59.43,47.5,70.56,20.07%,18.73%
1958,11,93.46,82,104.84,12.26%,12.18%
1958,12,48.46,38.02,59.14,21.54%,22.04%
1959,1,30.43,22.06,40.23,27.51%,32.21%
1959,2,18.48,10.26,27.66,44.48%,49.68%
1959,3,26.74,17.27,36.99,35.42%,38.33%
1959,4,28.52,17.5,39.88,38.64%,39.83%
1959,5,115.25,102.77,126.06,10.83%,9.38%
1959,6,63.07,51.56,74.72,18.25%,18.47%
1959,7,58.36,47.04,70.35,19.40%,20.54%
1959,8,144.55,132.12,156.48,8.60%,8.25%
1959,9,128.5,116.02,140.78,9.71%,9.56%
1959,10,101.19,89.36,113.05,11.69%,11.72%
1959,11,49.05,38.13,60.06,22.26%,22.45%
1959,12,31.73,21.54,42.6,32.11%,34.26%
1960,1,41.62,31.88,51.58,23.40%,23.93%
1960,2,17.98,9.52,27.11,47.05%,50.78%
1960,3,20.06,11.29,29.7,43.72%,48.06%
1960,4,100.58,88.93,112.45,11.58%,11.80%
1960,5,90.39,79.08,101.52,12.51%,12.31%
1960,6,57.74,46.28,68.78,19.85%,19.12%
1960,7,70.31,58.81,81.71,16.36%,16.21%
1960,8,61.01,49.32,72.38,19.16%,18.64%
1960,9,67.94,56.17,79.94,17.32%,17.66%
1960,10,68.66,57.34,80.24,16.49%,16.87%
1960,11,83.53,72.69,94.75,12.98%,13.43%
1960,12,29.98,19.75,40.39,34.12%,34.72%
1961,1,23.92,15.66,33.12,34.53%,38.46%
1961,2,34.83,24.61,45.11,29.34%,29.51%
1961,3,47.3,37.12,57.57,21.52%,21.71%
1961,4,35.39,24.75,46.76,30.06%,32.13%
1961,5,68.6,57.09,80.26,16.78%,17.00%
1961,6,42.02,30.93,52.68,26.39%,25.37%
1961,7,56.97,45.82,67.96,19.57%,19.29%
1961,8,34.52,24.19,45.65,29.92%,32.24%
1961,9,118.51,106.42,129.89,10.20%,9.60%
1961,10,76.41,65.23,88.29,14.63%,15.55%
1961,11,54.95,44.54,65.88,18.94%,19.89%
1961,12,51.08,40.29,62.24,21.12%,21.85%
1962,1,39.95,30.36,49.9,24.01%,24.91%
1962,2,46.66,36.36,56.95,22.07%,22.05%
1962,3,14.68,7.33,23.88,50.07%,62.67%
1962,4,35.19,24.17,47.22,31.32%,34.19%
1962,5,93.37,82.68,104.88,11.45%,12.33%
1962,6,38.99,27.94,49.96,28.34%,28.14%
1962,7,55.42,44.24,66.18,20.17%,19.42%
1962,8,88.98,77.02,100.65,13.44%,13.12%
1962,9,86.77,74.54,98.47,14.09%,13.48%
1962,10,37.61,26.41,48.8,29.78%,29.75%
1962,11,27.64,18.23,37.66,34.04%,36.25%
1962,12,48.85,37.57,59.44,23.09%,21.68%
1963,1,36.08,25.99,45.97,27.97%,27.41%
1963,2,22.5,13.41,31.62,40.40%,40.53%
1963,3,39.2,29.01,49.8,25.99%,27.04%
1963,4,54.46,42.87,65.46,21.28%,20.20%
1963,5,58.19,47.34,69.21,18.65%,18.94%
1963,6,96.66,84.38,107.9,12.70%,11.63%
1963,7,50.59,39.34,61.84,22.24%,22.24%
1963,8,64.33,52.81,76.23,17.91%,18.50%
1963,9,53.52,41.63,65.5,22.22%,22.38%
1963,10,39.15,28.51,50.02,27.18%,27.77%
1963,11,60.27,48.89,71.39,18.88%,18.45%
1963,12,46.62,35.33,57.03,24.22%,22.33%
1964,1,47.09,37.59,57.29,20.17%,21.66%
1964,2,26.18,16.94,36.03,35.29%,37.62%
1964,3,38.8,28.32,49.4,27.01%,27.32%
1964,4,80.08,68.43,92.08,14.55%,14.99%
1964,5,110.3,99.69,121.33,9.62%,10.00%
1964,6,91.83,80.05,103.33,12.83%,12.52%
1964,7,52.91,41.74,65.03,21.11%,22.91%
1964,8,104.57,92.55,116.15,11.49%,11.07%
1964,9,113.08,101.44,125.26,10.29%,10.77%
1964,10,62.25,50.8,73.6,18.39%,18.23%
1964,11,63.29,51.49,74.73,18.64%,18.08%
1964,12,61.38,50.36,72.81,17.95%,18.62%
1965,1,42.83,32.23,53.04,24.75%,23.84%
1965,2,54.98,45.28,65.27,17.64%,18.72%
1965,3,34.61,24.2,44.96,30.08%,29.90%
1965,4,35.99,24.69,47.05,31.40%,30.73%
1965,5,103.78,92.82,115.02,10.56%,10.83%
1965,6,60.11,48.44,71.43,19.41%,18.83%
1965,7,82.81,71.04,94.97,14.21%,14.68%
1965,8,80.57,68.83,92.18,14.57%,14.41%
1965,9,139.18,127.42,151.16,8.45%,8.61%
1965,10,76.14,64.76,87.49,14.95%,14.91%
1965,11,109.2,98.15,120.23,10.12%,10.10%
1965,12,54.62,43.64,66.14,20.10%,21.09%
1966,1,55.1,44.91,65.26,18.49%,18.44%
1966,2,26.78,16.96,37.12,36.67%,38.61%
1966,3,63.35,52.54,74.87,17.06%,18.18%
1966,4,33.83,22.32,45.83,34.02%,35.47%
1966,5,46.5,36.11,57.58,22.34%,23.83%
1966,6,45.43,33.7,56.45,25.82%,24.26%
1966,7,64.05,52.57,75.32,17.92%,17.60%
1966,8,104.16,92.12,115.72,11.56%,11.10%
1966,9,51.32,39.55,62.77,22.93%,22.31%
1966,10,111.07,99.14,122.24,10.74%,10.06%
1966,11,67.26,56.54,78.48,15.94%,16.68%
1966,12,56.82,44.98,68.63,20.84%,20.78%
1967,1,62.56,52.29,73.47,16.42%,17.44%
1967,2,36.82,26.7,47.14,27.49%,28.03%
1967,3,35.86,25.43,46.47,29.09%,29.59%
1967,4,65.97,55.15,78.55,16.40%,19.07%
1967,5,33.82,23.75,44.19,29.78%,30.66%
1967,6,94.26,82.1,105.37,12.90%,11.79%
1967,7,55.03,43.61,66.89,20.75%,21.55%
1967,8,78.08,66.54,90.18,14.78%,15.50%
1967,9,32.2,22.07,43.2,31.46%,34.16%
1967,10,105.87,93.92,116.99,11.29%,10.50%
1967,11,52.19,40.99,63.64,21.46%,21.94%
1967,12,40.63,30.43,52.05,25.10%,28.11%
1968,1,29.73,21.12,39.81,28.96%,33.91%
1968,2,29.14,19.27,38.79,33.87%,33.12%
1968,3,52.25,42.09,63.06,19.44%,20.69%
1968,4,83.3,72.21,95.61,13.31%,14.78%
1968,5,71.63,60.61,83.22,15.38%,16.18%
1968,6,131.39,119.77,143.24,8.84%,9.02%
1968,7,135.75,124.67,148.06,8.16%,9.07%
1968,8,85.99,74.17,97.98,13.75%,13.94%
1968,9,116.41,103.88,127.86,10.76%,9.84%
1968,10,110.94,99.22,122.44,10.56%,10.37%
1968,11,33.9,24.02,44.75,29.14%,32.01%
1968,12,84.44,72.94,95.84,13.62%,13.50%
1969,1,82.89,72.36,94.01,12.70%,13.42%
1969,2,17.13,9.06,25.8,47.11%,50.61%
1969,3,17.48,8.94,27.92,48.86%,59.73%
1969,4,39.88,27.88,50.84,30.09%,27.48%
1969,5,61.48,50.56,72.96,17.76%,18.67%
1969,6,61.59,50.11,73.62,18.64%,19.53%
1969,7,58.57,47.42,70.41,19.04%,20.22%
1969,8,64.2,52.27,75.56,18.58%,17.69%
1969,9,64.89,53.01,77.22,18.31%,19.00%
1969,10,86.81,74.95,99.01,13.66%,14.05%
1969,11,43.27,32.58,54.24,24.71%,25.35%
1969,12,44.51,34.13,55.95,23.32%,25.70%
1970,1,55.21,45.02,65.88,18.46%,19.33%
1970,2,28.3,18.56,38.71,34.42%,36.78%
1970,3,26.01,16.13,36.04,37.99%,38.56%
1970,4,59.07,47.48,70.63,19.62%,19.57%
1970,5,132.53,120.95,143.71,8.74%,8.44%
1970,6,57,45.74,68.97,19.75%,21.00%
1970,7,102.14,89.64,114.48,12.24%,12.08%
1970,8,31,21.05,41.45,32.10%,33.71%
1970,9,108.33,96.82,119.96,10.62%,10.74%
1970,10,126.31,114.35,139.08,9.47%,10.11%
1970,11,80.44,68.81,91.46,14.46%,13.70%
1970,12,62.24,50.94,74.3,18.16%,19.38%
1971,1,54.43,43.71,64.24,19.70%,18.02%
1971,2,66.01,55.79,76.09,15.48%,15.27%
1971,3,45.12,34.61,54.94,23.29%,21.76%
1971,4,28.83,17.13,39.6,40.58%,37.36%
1971,5,102.15,90.69,113.55,11.22%,11.16%
1971,6,74.65,62.92,86.16,15.71%,15.42%
1971,7,72.31,60.87,84.25,15.82%,16.51%
1971,8,50.66,39.63,61.97,21.77%,22.33%
1971,9,87.85,75.47,100.04,14.09%,13.88%
1971,10,123.26,111.77,135.42,9.32%,9.87%
1971,11,77.89,66.34,89.2,14.83%,14.52%
1971,12,56.32,45.63,67.67,18.98%,20.15%
1972,1,81.51,70.89,92.38,13.03%,13.34%
1972,2,38.61,28.72,49.09,25.62%,27.14%
1972,3,67.41,56.11,78.62,16.76%,16.63%
1972,4,37.97,26.86,49.82,29.26%,31.21%
1972,5,57.01,46.68,68.06,18.12%,19.38%
1972,6,54.95,43.04,65.83,21.67%,19.80%
1972,7,118.75,106.56,130.32,10.27%,9.74%
1972,8,111.72,100.11,123.85,10.39%,10.86%
1972,9,106.25,94.73,118.2,10.84%,11.25%
1972,10,58.79,47.75,69.87,18.78%,18.85%
1972,11,57.52,46.62,68.26,18.95%,18.67%
1972,12,63.72,51.93,75.23,18.50%,18.06%
1973,1,35.43,26.15,45.29,26.19%,27.83%
1973,2,29.22,19.9,39.39,31.90%,34.80%
1973,3,53.85,43.48,64.26,19.26%,19.33%
1973,4,37.65,26.5,49.63,29.61%,31.82%
1973,5,101.25,89.99,112.66,11.12%,11.27%
1973,6,87.19,75.42,98.75,13.50%,13.26%
1973,7,88.22,76.68,99.65,13.08%,12.96%
1973,8,92.54,81.15,104.54,12.31%,12.97%
1973,9,81.28,69.57,93.25,14.41%,14.73%
1973,10,65.69,54.12,77.2,17.61%,17.52%
1973,11,57.61,46.23,68.36,19.75%,18.66%
1973,12,50.76,40.43,61.97,20.35%,22.08%
1974,1,55.95,45.95,66.62,17.87%,19.07%
1974,2,28.73,19.15,38.05,33.34%,32.44%
1974,3,28.89,18.74,39.1,35.13%,35.34%
1974,4,72.16,60.35,83.78,16.37%,16.10%
1974,5,73.83,62.46,85.53,15.40%,15.85%
1974,6,90.37,78.38,102.26,13.27%,13.16%
1974,7,84.86,73.41,96.64,13.49%,13.88%
1974,8,101.19,89.6,113.47,11.45%,12.14%
1974,9,73.87,62.23,85.96,15.76%,16.37%
1974,10,73.77,62.64,85.98,15.09%,16.55%
1974,11,72.1,60.65,83.29,15.88%,15.52%
1974,12,32.64,22.18,43.05,32.05%,31.89%
1975,1,84.31,73.51,95.03,12.81%,12.71%
1975,2,33.78,23.97,43.69,29.04%,29.34%
1975,3,37.87,26.82,48.63,29.18%,28.41%
1975,4,28.37,17.48,39.75,38.39%,40.11%
1975,5,57.27,46.68,68.11,18.49%,18.93%
1975,6,98.78,87.28,110.24,11.64%,11.60%
1975,7,52.84,41.29,64.9,21.86%,22.82%
1975,8,38.19,27.05,49.3,29.17%,29.09%
1975,9,79.88,67.67,91.11,15.29%,14.06%
1975,10,60.78,48.84,72.28,19.64%,18.92%
1975,11,109.9,98.02,121.26,10.81%,10.34%
1975,12,48.27,37.43,59.27,22.46%,22.79%
1976,1,64.03,53.94,74.41,15.76%,16.21%
1976,2,41.96,31.91,51.75,23.95%,23.33%
1976,3,91.15,80.44,102.04,11.75%,11.95%
1976,4,34.19,23.21,46.19,32.11%,35.10%
1976,5,25.46,16.27,35.25,36.10%,38.45%
1976,6,84.51,72.11,96.09,14.67%,13.70%
1976,7,51.87,40.2,63.61,22.50%,22.63%
1976,8,24.41,15.1,34.92,38.14%,43.06%
1976,9,32.1,22.13,42.9,31.06%,33.64%
1976,10,47.77,36.28,60,24.05%,25.60%
1976,11,39.13,28.91,50.13,26.12%,28.11%
1976,12,48.77,37.92,59.18,22.25%,21.35%
1977,1,47.87,37.97,57.8,20.68%,20.74%
1977,2,35.96,25.96,46.26,27.81%,28.64%
1977,3,92.42,81.63,103.29,11.67%,11.76%
1977,4,40.04,28.47,51.17,28.90%,27.80%
1977,5,47.63,37.19,58.32,21.92%,22.44%
1977,6,80.33,68.33,91.88,14.94%,14.38%
1977,7,90.9,79.95,102.52,12.05%,12.78%
1977,8,122.84,111.48,135.18,9.25%,10.05%
1977,9,149.38,137.79,162.13,7.76%,8.54%
1977,10,75.74,64.94,88.22,14.26%,16.48%
1977,11,81.51,69.79,92.63,14.38%,13.64%
1977,12,77.84,66.23,89.22,14.92%,14.62%
1978,1,41.68,31.62,51.61,24.14%,23.82%
1978,2,15.85,8.2,25.09,48.26%,58.30%
1978,3,19.57,10.74,29.09,45.12%,48.65%
1978,4,24.67,13.87,35.96,43.78%,45.76%
1978,5,85.78,74.5,97,13.15%,13.08%
1978,6,65.96,54.51,77,17.36%,16.74%
1978,7,106.92,95.83,118.8,10.37%,11.11%
1978,8,102.36,91.06,114.61,11.04%,11.97%
1978,9,71.05,59.53,82.66,16.21%,16.34%
1978,10,50.9,40.02,62.7,21.38%,23.18%
1978,11,69.01,57.97,80.39,16.00%,16.49%
1978,12,55.43,44.17,66.51,20.31%,19.99%
1979,1,46,35.76,55.5,22.26%,20.65%
1979,2,45.53,35.4,56.09,22.25%,23.19%
1979,3,105.55,95.17,116.09,9.83%,9.99%
1979,4,45.06,33.96,56.96,24.63%,26.41%
1979,5,97.02,85.71,108.12,11.66%,11.44%
1979,6,99.34,88.14,111.65,11.27%,12.39%
1979,7,71.25,59.76,83.42,16.13%,17.08%
1979,8,59.07,47.36,70.02,19.82%,18.54%
1979,9,63.47,51.65,75.39,18.62%,18.78%
1979,10,121.17,109.45,132.18,9.67%,9.09%
1979,11,58.01,46.89,69.24,19.17%,19.36%
1979,12,32.23,21.76,42.68,32.49%,32.42%
1980,1,82.67,71.54,92.99,13.46%,12.48%
1980,2,17.97,9.76,27.56,45.69%,53.37%
1980,3,17.74,9.03,27.07,49.10%,52.59%
1980,4,28.04,17.08,39.5,39.09%,40.87%
1980,5,38.57,28.16,48.82,26.99%,26.58%
1980,6,53.54,41.71,64.32,22.10%,20.13%
1980,7,74.29,62.38,86.71,16.03%,16.72%
1980,8,85.95,74.12,97.45,13.76%,13.38%
1980,9,126.59,114.57,138.7,9.50%,9.57%
1980,10,74.34,63.03,85.92,15.21%,15.58%
1980,11,31.57,21.71,41.62,31.23%,31.83%
1980,12,49.21,38.01,60.29,22.76%,22.52%
1981,1,32.15,22.25,41.65,30.79%,29.55%
1981,2,61.53,51.35,71.92,16.54%,16.89%
1981,3,35.36,25.39,45.77,28.20%,29.44%
1981,4,58.02,46.83,69.61,19.29%,19.98%
1981,5,48.55,37.96,59.5,21.81%,22.55%
1981,6,122.47,110.71,134.06,9.60%,9.46%
1981,7,31.75,21.23,42.35,33.13%,33.39%
1981,8,39.31,28.25,51.01,28.14%,29.76%
1981,9,46.44,35.01,57.6,24.61%,24.03%
1981,10,92.03,80.47,103.97,12.56%,12.97%
1981,11,31.5,21.7,42.83,31.11%,35.97%
1981,12,55.6,44.93,67,19.19%,20.50%
1982,1,77.14,66.33,87.82,14.01%,13.84%
1982,2,16.96,9,25.29,46.93%,49.12%
1982,3,36.26,25.9,46.58,28.57%,28.46%
1982,4,50.08,38.52,62.15,23.08%,24.10%
1982,5,80.93,69.63,92.26,13.96%,14.00%
1982,6,43.14,32.29,53.95,25.15%,25.06%
1982,7,134.3,122.17,146.2,9.03%,8.86%
1982,8,75.06,63.06,87.23,15.99%,16.21%
1982,9,105.76,93.61,117.96,11.49%,11.54%
1982,10,131.46,119.8,143.44,8.87%,9.11%
1982,11,66.82,56.39,78.12,15.61%,16.91%
1982,12,70.97,60.05,82.83,15.39%,16.71%
1983,1,43.59,33.98,54.07,22.05%,24.04%
1983,2,20.07,11.69,29.69,41.75%,47.93%
1983,3,41.08,30.53,51.83,25.68%,26.17%
1983,4,41.81,30.29,53.81,27.55%,28.70%
1983,5,78.72,68.29,90.57,13.25%,15.05%
1983,6,46.88,36.23,58,22.72%,23.72%
1983,7,71.54,59.91,83.38,16.26%,16.55%
1983,8,70.49,58.96,81.99,16.36%,16.31%
1983,9,111.25,99.85,123.5,10.25%,11.01%
1983,10,113.25,101.56,125.24,10.32%,10.59%
1983,11,95.07,83.05,106.04,12.64%,11.54%
1983,12,73.74,62.66,85.58,15.03%,16.06%
1984,1,48.46,38,59.25,21.58%,22.27%
1984,2,30.1,20.28,40.61,32.62%,34.92%
1984,3,33.85,23.54,44.79,30.46%,32.32%
1984,4,35.08,23.78,46.93,32.21%,33.78%
1984,5,53.56,42.62,65.02,20.43%,21.40%
1984,6,112.71,100.67,124.96,10.68%,10.87%
1984,7,66.93,54.48,79.27,18.60%,18.44%
1984,8,69.07,58.09,81.78,15.90%,18.40%
1984,9,91.49,79.69,104.13,12.90%,13.82%
1984,10,79.74,69.07,93.03,13.38%,16.67%
1984,11,43.31,32.6,54.24,24.73%,25.24%
1984,12,75.61,63.62,87.87,15.86%,16.21%
1985,1,48.76,35.11,62.44,27.99%,28.06%
1985,2,46.36,34.48,60.09,25.63%,29.62%
1985,3,45.49,31.68,59.46,30.36%,30.71%
1985,4,57.6,44.45,71.83,22.83%,24.70%
1985,5,96.63,83.32,111.55,13.77%,15.44%
1985,6,66.71,52.94,79.95,20.64%,19.85%
1985,7,83.22,68.95,97.99,17.15%,17.75%
1985,8,95.64,81.23,110.45,15.07%,15.49%
1985,9,135.21,120.52,150.88,10.86%,11.59%
1985,10,71.31,55.41,86.8,22.30%,21.72%
1985,11,115.72,101.65,130.44,12.16%,12.72%
1985,12,70.46,57.41,83.15,18.52%,18.01%
1986,1,45.83,32.66,58.68,28.74%,28.04%
1986,2,36.27,24.79,48.69,31.65%,34.24%
1986,3,48.8,34.93,61.94,28.42%,26.93%
1986,4,55.45,43.39,69.24,21.75%,24.87%
1986,5,28.65,16.69,40.83,41.75%,42.51%
1986,6,94.9,81.97,108.41,13.62%,14.24%
1986,7,84.85,71.41,99.01,15.84%,16.69%
1986,8,85.85,71.3,99.5,16.95%,15.90%
1986,9,81.62,67.62,95.69,17.15%,17.24%
1986,10,52.52,39.29,67.21,25.19%,27.97%
1986,11,41.9,29.3,55.86,30.07%,33.32%
1986,12,29.62,20.22,40.6,31.74%,37.07%
1987,1,34.48,22.26,47.22,35.44%,36.95%
1987,2,24.98,15.1,36.47,39.55%,46.00%
1987,3,19.03,8.83,29.99,53.60%,57.59%
1987,4,21.33,12.44,31.67,41.68%,48.48%
1987,5,72.37,59.61,86.44,17.63%,19.44%
1987,6,45.71,33.72,57.89,26.23%,26.65%
1987,7,96.87,83.85,110.58,13.44%,14.15%
1987,8,86.8,72.93,100.79,15.98%,16.12%
1987,9,51.9,37.69,65.47,27.38%,26.15%
1987,10,48.52,34.77,63.03,28.34%,29.91%
1987,11,46.7,34.2,59.92,26.77%,28.31%
1987,12,54.39,41.67,66.7,23.39%,22.63%
1988,1,77.39,64.66,91.34,16.45%,18.03%
1988,2,36.65,25.57,49.05,30.23%,33.83%
1988,3,54.34,40.86,67.59,24.81%,24.38%
1988,4,27.83,17.64,38.85,36.62%,39.60%
1988,5,45.62,32.05,58.31,29.75%,27.82%
1988,6,48.8,36.76,60.25,24.67%,23.46%
1988,7,43.72,31.03,56.43,29.03%,29.07%
1988,8,173.68,159.52,187.68,8.15%,8.06%
1988,9,77.95,63.68,92.74,18.31%,18.97%
1988,10,67,53.32,81.31,20.42%,21.36%
1988,11,108.7,95.01,122.88,12.59%,13.05%
1988,12,64.12,51.82,76.44,19.18%,19.21%
1989,1,58.88,45.93,71.89,21.99%,22.10%
1989,2,44.31,32.75,56.29,26.09%,27.04%
1989,3,40.09,27.75,53.58,30.78%,33.65%
1989,4,44.27,31.84,56.49,28.08%,27.60%
1989,5,64.83,50.85,78.95,21.56%,21.78%
1989,6,94.9,81.74,107.84,13.87%,13.64%
1989,7,32.16,20.53,43.89,36.16%,36.47%
1989,8,80.52,66.23,94.19,17.75%,16.98%
1989,9,43.89,30.36,58.15,30.83%,32.49%
1989,10,54.6,40.62,69.29,25.60%,26.90%
1989,11,54.73,42.04,67.98,23.19%,24.21%
1989,12,65.11,52.75,77.64,18.98%,19.24%
1990,1,48.43,35.19,61.78,27.34%,27.57%
1990,2,34.32,23.34,46.24,31.99%,34.73%
1990,3,33.86,21.2,47.53,37.39%,40.37%
1990,4,59.66,46.51,72.34,22.04%,21.25%
1990,5,49.01,35.15,62.64,28.28%,27.81%
1990,6,114.48,100.88,128.03,11.88%,11.84%
1990,7,61.99,48.87,75.08,21.16%,21.12%
1990,8,44.19,31.93,57.23,27.74%,29.51%
1990,9,90.97,76.09,104.97,16.36%,15.39%
1990,10,84.44,69.92,99.19,17.20%,17.47%
1990,11,45.26,32.71,58.5,27.73%,29.25%
1990,12,47.61,36.24,59.22,23.88%,24.39%
1991,1,53.78,41.41,66.7,23.00%,24.02%
1991,2,26.33,15.98,37.72,39.31%,43.26%
1991,3,65.42,51.72,79.03,20.94%,20.80%
1991,4,59.61,46.83,72.36,21.44%,21.39%
1991,5,77.38,63.33,92.05,18.16%,18.96%
1991,6,78,64.77,91.39,16.96%,17.17%
1991,7,87.32,74.03,101.79,15.22%,16.57%
1991,8,48.11,34.66,60.58,27.96%,25.92%
1991,9,103.74,90.13,117.54,13.12%,13.30%
1991,10,94.37,80.62,108.63,14.57%,15.11%
1991,11,120.92,106.3,135.07,12.09%,11.70%
1991,12,49.24,37.58,61.57,23.68%,25.04%
1992,1,50.85,38.67,63.72,23.95%,25.31%
1992,2,43.41,31.61,55.99,27.18%,28.98%
1992,3,25.27,13.94,38.18,44.84%,51.09%
1992,4,50.03,37.43,62.96,25.18%,25.84%
1992,5,54.66,40.79,68.49,25.38%,25.30%
1992,6,50.27,37.4,62.86,25.60%,25.04%
1992,7,94.55,80.48,108.35,14.88%,14.60%
1992,8,87.12,72.94,101.38,16.28%,16.37%
1992,9,121.84,107.71,136.78,11.60%,12.26%
1992,10,47.89,34.25,62.03,28.48%,29.53%
1992,11,55.72,42.86,68.87,23.08%,23.60%
1992,12,79.19,67.37,92.15,14.93%,16.37%
1993,1,47.4,34.39,60.05,27.45%,26.69%
1993,2,16.95,9.17,26.95,45.90%,59.00%
1993,3,20.16,9.56,31.93,52.58%,58.38%
1993,4,75.93,63.8,89.91,15.98%,18.41%
1993,5,100.18,85.72,113.81,14.43%,13.61%
1993,6,77.78,64.58,90.52,16.97%,16.38%
1993,7,103.13,88.35,117.2,14.33%,13.64%
1993,8,77.68,64,91.69,17.61%,18.04%
1993,9,53.09,39.45,67.59,25.69%,27.31%
1993,10,47.64,34.42,61.31,27.75%,28.69%
1993,11,40.27,27.49,53.4,31.74%,32.60%
1993,12,46.3,34.95,58.45,24.51%,26.24%
1994,1,46.11,33.61,59.11,27.11%,28.19%
1994,2,30.28,19.56,41.92,35.40%,38.44%
1994,3,33.31,20.88,46.67,37.32%,40.11%
1994,4,71.02,57.96,84.67,18.39%,19.22%
1994,5,64.55,51.11,78.45,20.82%,21.53%
1994,6,77.23,63.58,90.33,17.67%,16.96%
1994,7,75.12,61.78,88.6,17.76%,17.94%
1994,8,81.12,67.71,95.05,16.53%,17.17%
1994,9,76.13,62.48,90.62,17.93%,19.03%
1994,10,25.23,13.32,38.84,47.21%,53.94%
1994,11,40.3,27.76,53.08,31.12%,31.71%
1994,12,24.62,15.76,34.35,35.99%,39.52%
1995,1,37.61,25.65,49.41,31.80%,31.37%
1995,2,41.52,30.01,53.97,27.72%,29.99%
1995,3,33.67,20.93,46.88,37.84%,39.23%
1995,4,36.83,25.66,49.18,30.33%,33.53%
1995,5,66.63,53.54,80.31,19.65%,20.53%
1995,6,37.73,26.5,50.16,29.76%,32.94%
1995,7,97.55,84.15,112.3,13.74%,15.12%
1995,8,90.97,77.17,104.65,15.17%,15.04%
1995,9,102.27,88.89,116.83,13.08%,14.24%
1995,10,118.85,103.82,133.01,12.65%,11.91%
1995,11,63.77,49.92,77.37,21.72%,21.33%
1995,12,73.74,61.12,87.36,17.11%,18.47%
1996,1,88.48,75.01,102.72,15.22%,16.09%
1996,2,54.98,43.07,67.66,21.66%,23.06%
1996,3,34.76,21.91,47.83,36.97%,37.60%
1996,4,68.21,55.53,81.31,18.59%,19.21%
1996,5,40.7,27.97,54.97,31.28%,35.06%
1996,6,93.08,79.89,106.64,14.17%,14.57%
1996,7,119.55,106.2,133.01,11.17%,11.26%
1996,8,91.94,77.89,105.46,15.28%,14.71%
1996,9,77.39,63.49,91.57,17.96%,18.32%
1996,10,86.93,73.37,101.63,15.60%,16.91%
1996,11,52.93,39.51,66.08,25.35%,24.84%
1996,12,67.45,54.93,80.59,18.56%,19.48%
1997,1,86.53,73.16,100,15.45%,15.57%
1997,2,22.36,13.11,32.53,41.37%,45.48%
1997,3,61.18,47.93,74.73,21.66%,22.15%
1997,4,44.78,32.84,57.34,26.66%,28.05%
1997,5,52.95,39.65,66.92,25.12%,26.38%
1997,6,66.22,53.58,79.23,19.09%,19.65%
1997,7,58.82,45.79,72.61,22.15%,23.44%
1997,8,47.37,33.9,60.3,28.44%,27.30%
1997,9,62.14,48.2,76.61,22.43%,23.29%
1997,10,52.81,38.88,66.54,26.38%,26.00%
1997,11,44.74,32.44,58.05,27.49%,29.75%
1997,12,27.66,18.44,38.21,33.33%,38.14%
1998,1,34.21,22.22,46.86,35.05%,36.98%
1998,2,22.32,13.32,32.68,40.32%,46.42%
1998,3,66.62,52.91,79.58,20.58%,19.45%
1998,4,25.02,15.42,36.03,38.37%,44.00%
1998,5,47.68,34.7,60.62,27.22%,27.14%
1998,6,85.2,72.02,98.1,15.47%,15.14%
1998,7,28.67,17.47,41.01,39.07%,43.04%
1998,8,47.92,36.06,61.46,24.75%,28.26%
1998,9,46.18,32.88,59.85,28.80%,29.60%
1998,10,52.1,38.91,66.58,25.32%,27.79%
1998,11,74.21,60.43,87.95,18.57%,18.52%
1998,12,62.84,50.51,74.96,19.62%,19.29%
1999,1,68.56,56.05,82.03,18.25%,19.65%
1999,2,59.18,47.33,72.48,20.02%,22.47%
1999,3,19.47,8.58,31.04,55.93%,59.42%
1999,4,39.39,27.36,51.48,30.54%,30.69%
1999,5,103.44,89.17,117.9,13.80%,13.98%
1999,6,74.46,61.66,87.85,17.19%,17.98%
1999,7,126.73,113.11,139.94,10.75%,10.42%
1999,8,81.27,67.55,94.56,16.88%,16.35%
1999,9,88.79,74.83,102.94,15.72%,15.94%
1999,10,71.52,57.12,84.93,20.13%,18.75%
1999,11,28.05,16.42,40.49,41.46%,44.35%
1999,12,44.6,32.8,57,26.46%,27.80%
2000,1,52.03,38.65,64.98,25.72%,24.89%
2000,2,22.25,12.68,33.34,43.01%,49.84%
2000,3,52.36,39.04,65.64,25.44%,25.36%
2000,4,33.32,21.99,45.2,34.00%,35.65%
2000,5,56.74,43.28,70.09,23.72%,23.53%
2000,6,120.2,106.89,133.25,11.07%,10.86%
2000,7,36.54,24.84,49.32,32.02%,34.98%
2000,8,58.87,45.41,72.21,22.86%,22.66%
2000,9,47.23,34.2,60.97,27.59%,29.09%
2000,10,34.11,21.52,47.87,36.91%,40.34%
2000,11,51.82,38.78,64.51,25.16%,24.49%
2000,12,50.53,38.73,62.49,23.35%,23.67%
2001,1,45.44,33.32,57.38,26.67%,26.28%
2001,2,55.67,43.25,68.48,22.31%,23.01%
2001,3,24.62,13.14,36.83,46.63%,49.59%
2001,4,147.04,134.47,159.76,8.55%,8.65%
2001,5,85.48,70.96,98.97,16.99%,15.78%
2001,6,73.41,60.69,86.67,17.33%,18.06%
2001,7,62.22,49.49,75.79,20.46%,21.81%
2001,8,82.35,69.05,96,16.15%,16.58%
2001,9,48.19,34.95,61.67,27.47%,27.97%
2001,10,81.11,66.18,95.44,18.41%,17.67%
2001,11,73.24,59.47,86.99,18.80%,18.77%
2001,12,56.78,44.64,69,21.38%,21.52%
2002,1,30.8,19.48,42.87,36.75%,39.19%
2002,2,54.75,41.78,66.7,23.69%,21.83%
2002,3,66.17,53.22,80.16,19.57%,21.14%
2002,4,80.86,67.06,94.12,17.07%,16.40%
2002,5,61.98,48.31,76.61,22.06%,23.60%
2002,6,76.48,64.4,89.02,15.79%,16.40%
2002,7,81.09,67.06,94.64,17.30%,16.71%
2002,8,79.66,66.86,93.81,16.07%,17.76%
2002,9,115.29,100.49,129.81,12.84%,12.59%
2002,10,91.56,77.41,106.27,15.45%,16.07%
2002,11,44.73,32.04,57.85,28.37%,29.33%
2002,12,40.81,29.65,52.41,27.35%,28.42%
2003,1,29.63,18.58,41.42,37.29%,39.79%
2003,2,23.03,13.15,33.86,42.90%,47.03%
2003,3,40.7,28.09,54.09,30.98%,32.90%
2003,4,53.24,40.77,65.95,23.42%,23.87%
2003,5,79.62,65.99,93.98,17.12%,18.04%
2003,6,40.99,29.55,52.79,27.91%,28.79%
2003,7,88.55,75.32,102.42,14.94%,15.66%
2003,8,60.37,47.65,74.27,21.07%,23.02%
2003,9,103.36,88.92,117.43,13.97%,13.61%
2003,10,45.3,31.03,58.81,31.50%,29.82%
2003,11,65.02,52.44,77.71,19.35%,19.52%
2003,12,36.42,26.05,48.04,28.47%,31.91%
2004,1,57.29,44.22,71.2,22.81%,24.28%
2004,2,31.09,20.45,43.82,34.22%,40.95%
2004,3,57.19,44.15,70.22,22.80%,22.78%
2004,4,60.48,47.57,74,21.35%,22.35%
2004,5,102.18,88.39,116.04,13.50%,13.56%
2004,6,63.11,50.62,75.73,19.79%,20.00%
2004,7,69.21,56.01,82.37,19.07%,19.01%
2004,8,108.75,94.73,122.66,12.89%,12.79%
2004,9,77.73,63.52,92.2,18.28%,18.62%
2004,10,127.34,113.63,141.14,10.77%,10.84%
2004,11,32.37,20.92,44.9,35.37%,38.71%
2004,12,84.82,71.9,97.53,15.23%,14.98%
2005,1,60.96,47.67,74.16,21.80%,21.65%
2005,2,47.02,35.42,59.68,24.67%,26.92%
2005,3,29.83,17.26,42.98,42.14%,44.08%
2005,4,28.59,17.54,40,38.65%,39.91%
2005,5,68.44,55.35,81.64,19.13%,19.29%
2005,6,96.84,83.96,109.96,13.30%,13.55%
2005,7,40.49,28.13,53.18,30.53%,31.34%
2005,8,52.83,39.77,66.01,24.72%,24.95%
2005,9,78.32,65.25,92.18,16.69%,17.70%
2005,10,105.59,91.73,120.24,13.13%,13.87%
2005,11,106.98,92.86,120.55,13.20%,12.68%
2005,12,53.2,41.73,65.33,21.56%,22.80%
2006,1,48.5,37.01,59.95,23.69%,23.61%
2006,2,43.51,32.33,53.88,25.70%,23.83%
2006,3,52.34,40.62,64.05,22.39%,22.37%
2006,4,28.23,18.3,38.73,35.18%,37.19%
2006,5,82.37,70.22,94.92,14.75%,15.24%
2006,6,35.11,24.62,45.45,29.88%,29.45%
2006,7,68.8,57.05,80.93,17.08%,17.63%
2006,8,29.51,18.89,40.79,35.99%,38.22%
2006,9,57.85,45.44,70.52,21.45%,21.90%
2006,10,46.61,34.35,58.42,26.30%,25.34%
2006,11,37.64,26.85,49.33,28.67%,31.06%
2006,12,56.81,45.47,68.33,19.96%,20.28%
2007,1,43.7,32.31,55.11,26.06%,26.11%
2007,2,35.96,24.93,47.12,30.67%,31.03%
2007,3,61.27,49.02,73.75,19.99%,20.37%
2007,4,56.61,45.16,67.91,20.23%,19.96%
2007,5,47.74,35.65,59.73,25.32%,25.12%
2007,6,74.97,63.13,85.88,15.79%,14.55%
2007,7,51.54,39.98,63.17,22.43%,22.56%
2007,8,47.2,35.64,59.29,24.49%,25.61%
2007,9,141.74,129.64,155.08,8.54%,9.41%
2007,10,147.01,134.32,160.64,8.63%,9.27%
2007,11,58.51,46.57,70.87,20.41%,21.12%
2007,12,71.21,60.19,82.99,15.48%,16.54%
2008,1,58.27,46.46,70.09,20.27%,20.28%
2008,2,30.13,20.37,40.75,32.39%,35.25%
2008,3,34.9,23.25,46.88,33.38%,34.33%
2008,4,87.33,75.78,99.29,13.23%,13.70%
2008,5,70.84,58.88,83.11,16.88%,17.32%
2008,6,107.91,95.75,119.75,11.27%,10.97%
2008,7,77.47,64.91,90.16,16.21%,16.38%
2008,8,36.44,25.25,48.1,30.71%,32.00%
2008,9,67.73,55.33,80.7,18.31%,19.15%
2008,10,29.24,17.47,41.1,40.25%,40.56%
2008,11,61.98,50.16,74.57,19.07%,20.31%
2008,12,79.84,68.39,91.71,14.34%,14.87%
2009,1,49.87,38.6,61.25,22.60%,22.82%
2009,2,40.31,29.25,51.3,27.44%,27.26%
2009,3,44.41,32.99,55.95,25.71%,25.99%
2009,4,64.4,53.09,76.12,17.56%,18.20%
2009,5,54.17,41.64,66.08,23.13%,21.99%
2009,6,56.74,45.56,68.83,19.70%,21.31%
2009,7,54.68,42.73,66.33,21.85%,21.31%
2009,8,113.67,101.31,126.34,10.87%,11.15%
2009,9,37.6,26,49.91,30.85%,32.74%
2009,10,80.37,68.04,92.5,15.34%,15.09%
2009,11,31.87,20.5,43.18,35.68%,35.49%
2009,12,73.26,61.85,84.67,15.57%,15.57%
2010,1,30.85,20.6,42.05,33.23%,36.30%
2010,2,17.46,9.54,26.34,45.36%,50.86%
2010,3,11.09,4.16,20.47,62.49%,84.58%
2010,4,19.07,11.49,28.22,39.75%,47.98%
2010,5,33.07,22.11,44.82,33.14%,35.53%
2010,6,99.28,87.36,111.28,12.01%,12.09%
2010,7,52.29,40.61,63.92,22.34%,22.24%
2010,8,80.61,68.87,92.96,14.56%,15.32%
2010,9,116.68,103.58,129.91,11.23%,11.34%
2010,10,30.82,19.6,42.65,36.40%,38.38%
2010,11,67.42,54.79,79.31,18.73%,17.64%
2010,12,45.2,34.93,55.77,22.72%,23.38%
2011,1,58.27,46.69,71.09,19.87%,22.00%
2011,2,28.48,19.27,38.49,32.34%,35.15%
2011,3,28.96,17.97,40.64,37.95%,40.33%
2011,4,81.08,69.53,92.81,14.25%,14.47%
2011,5,72.6,59.05,84.38,18.66%,16.23%
2011,6,88.9,76.66,100.25,13.77%,12.77%
2011,7,79.39,66.98,92.11,15.63%,16.02%
2011,8,50.13,38.97,62.5,22.26%,24.68%
2011,9,77.07,64.96,89.7,15.71%,16.39%
2011,10,50.33,37.9,62.66,24.70%,24.50%
2011,11,53.26,41.15,64.83,22.74%,21.72%
2011,12,43.11,33.11,53.43,23.20%,23.94%
2012,1,47.4,36.18,59.53,23.67%,25.59%
2012,2,30.03,20.13,40.7,32.97%,35.53%
2012,3,60.32,48.28,71.73,19.96%,18.92%
2012,4,51.68,40.33,63.57,21.96%,23.01%
2012,5,87.18,74.33,99.38,14.74%,13.99%
2012,6,104.92,93.38,116.83,11.00%,11.35%
2012,7,65.27,53.28,77.62,18.37%,18.92%
2012,8,48.1,36.29,60,24.55%,24.74%
2012,9,47.94,35.79,60.29,25.34%,25.76%
2012,10,94.69,82.09,108.68,13.31%,14.77%
2012,11,48.31,36.75,59.99,23.93%,24.18%
2012,12,47.33,36.38,58.14,23.14%,22.84%
2013,1,69,57.18,81.08,17.13%,17.51%
2013,2,60,49.03,71.23,18.28%,18.72%
2013,3,55.81,44.15,67.74,20.89%,21.38%
2013,4,106.22,94.54,118.48,11.00%,11.54%
2013,5,97.04,83.87,110.44,13.57%,13.81%
2013,6,83.28,71.54,95.56,14.10%,14.75%
2013,7,142.82,130.53,155.33,8.61%,8.76%
2013,8,91.81,78.61,105.02,14.38%,14.39%
2013,9,87.63,74.14,100.71,15.39%,14.93%
2013,10,75.45,62.71,88.12,16.89%,16.79%
2013,11,84.52,72.45,96.5,14.28%,14.17%
2013,12,87,75.54,98.32,13.17%,13.01%
2014,1,72.41,60.74,84.8,16.12%,17.11%
2014,2,55.31,44.33,67.31,19.85%,21.70%
2014,3,50.58,39.39,62.17,22.12%,22.91%
2014,4,106.64,94.33,118.79,11.54%,11.39%
2014,5,102.17,88.93,116.15,12.96%,13.68%
2014,6,109.24,97.89,120.66,10.39%,10.45%
2014,7,89.71,78.27,102.2,12.75%,13.92%
2014,8,95.57,83.46,108.43,12.67%,13.46%
2014,9,113.33,100.28,126.81,11.52%,11.89%
2014,10,96.61,83.21,109.51,13.87%,13.35%
2014,11,100.16,87.78,113.16,12.36%,12.98%
2014,12,55.68,44.16,67.26,20.69%,20.80%
2015,1,51.14,39.01,62.92,23.72%,23.03%
2015,2,38.04,27.34,49.36,28.13%,29.76%
2015,3,48.31,36.27,60.28,24.92%,24.78%
2015,4,54,42.65,65.49,21.02%,21.28%
2015,5,85.12,72.64,97.69,14.66%,14.77%
2015,6,86.06,74.27,98.19,13.70%,14.09%
2015,7,62.64,50.66,74.87,19.13%,19.52%
2015,8,82.47,69.95,94.55,15.18%,14.65%
2015,9,68.73,56.22,82.17,18.20%,19.55%
2015,10,57.3,44.96,69.92,21.54%,22.02%
2015,11,84.2,71.82,97.03,14.70%,15.24%
2015,12,108.68,96.83,120.8,10.90%,11.15%
2016,1,63.54,53.53,74.65,15.75%,17.49%
2016,2,52.74,42.71,64.21,19.02%,21.75%
2016,3,57.66,47.57,68.06,17.50%,18.04%
2016,4,37.52,26.47,49.16,29.45%,31.02%
2016,5,55.6,42.34,68.38,23.85%,22.99%
2016,6,119.72,107.99,131.2,9.80%,9.59%
2016,7,78.61,66.85,90.44,14.96%,15.05%
2016,8,88.8,76.33,101.14,14.04%,13.90%
2016,9,106.64,93.18,120.17,12.62%,12.69%
2016,10,54.94,41.76,68.31,23.99%,24.34%
2016,11,56.77,44.63,68.61,21.38%,20.86%
2016,12,78.16,66.27,90.05,15.21%,15.21%
2017,1,64.29,52.77,76.42,17.92%,18.87%
2017,2,69.63,58.09,80.99,16.57%,16.31%
2017,3,50.55,38.02,61.91,24.79%,22.47%
2017,4,100.38,88.44,113.73,11.89%,13.30%
2017,5,90.28,77.33,102.88,14.34%,13.96%
2017,6,105.11,93.46,117.68,11.08%,11.96%
2017,7,63.68,51.66,75.79,18.88%,19.02%
2017,8,118.07,105.97,130.79,10.25%,10.77%
2017,9,104.11,90.67,117.23,12.91%,12.60%
2017,10,124.25,111,136.93,10.66%,10.21%
2017,11,67.92,56.14,80.52,17.34%,18.55%
2017,12,91.58,78.27,104.4,14.53%,14.00%
2018,1,59.87,47.38,72.74,20.86%,21.50%
2018,2,43.87,32.65,55.38,25.58%,26.24%
2018,3,18.52,9.2,29.33,50.32%,58.37%
2018,4,34.51,23.65,45.54,31.47%,31.96%
2018,5,55.07,42.43,67.09,22.95%,21.83%
2018,6,85.93,73.49,98.46,14.48%,14.58%
2018,7,80.8,67.76,93.08,16.14%,15.20%
2018,8,88.18,75.51,100.95,14.37%,14.48%
2018,9,133.7,120.58,146.49,9.81%,9.57%
2018,10,144.72,130.89,158.59,9.56%,9.58%
2018,11,80.67,68.43,93.29,15.17%,15.64%
2018,12,49.6,37.79,60.83,23.81%,22.64%
2019,1,75.71,63.07,88.58,16.70%,17.00%
2019,2,82.03,69.79,94.77,14.92%,15.53%
2019,3,57,44.44,69.52,22.04%,21.96%
2019,4,96.74,85,109.41,12.14%,13.10%
2019,5,87.08,74.33,100.21,14.64%,15.08%
2019,6,65.01,53.21,78.07,18.15%,20.09%
2019,7,67.11,55.45,79.84,17.37%,18.97%
2019,8,76.26,63.32,89.74,16.97%,17.68%
2019,9,111.58,97.37,124.79,12.74%,11.84%
2019,10,92.25,79.27,105.8,14.07%,14.69%
2019,11,72.13,59.05,85.55,18.13%,18.61%
2019,12,70.47,51.01,89.9,27.61%,27.57%
,,,,,21.74%,22.55%
,,,,,7.76%,8.06%
,,,,,62.49%,84.58%